Cement,Blast Furnace Slag,Fly Ash,Water,Superplasticizer,Coarse Aggregate,Fine Aggregate,Age,Concrete Compressive Strength,Fine_Agg_Copy,Cement_Scaled
540.0,0.0,0.0,,2.5,1040.0,676.0,28,79.99,676.0,54.0
540.0,0.0,0.0,162.0,2.5,1055.0,676.0,28,61.89,676.0,54.0
332.5,142.5,0.0,228.0,0.0,932.0,594.0,270,40.27,594.0,33.25
332.5,1078.1999999999998,0.0,228.0,0.0,932.0,594.0,365,41.05,594.0,33.25
198.6,132.4,0.0,192.0,0.0,978.4,825.5,360,44.3,825.5,19.86
266.0,114.0,0.0,228.0,0.0,932.0,670.0,90,47.03,670.0,26.6
380.0,95.0,0.0,228.0,0.0,932.0,594.0,365,43.7,594.0,38.0
380.0,95.0,0.0,228.0,0.0,932.0,594.0,-1,36.45,594.0,38.0
266.0,114.0,0.0,228.0,0.0,932.0,670.0,28,45.85,670.0,26.6
475.0,0.0,0.0,228.0,0.0,932.0,594.0,28,39.29,594.0,47.5
198.6,132.4,0.0,192.0,,978.4,825.5,90,38.07,825.5,19.86
198.6,132.4,0.0,192.0,0.0,978.4,825.5,28,28.02,825.5,19.86
427.5,47.5,0.0,228.0,0.0,932.0,594.0,270,43.01,594.0,42.75
190.0,190.0,0.0,228.0,0.0,932.0,670.0,90,42.33,670.0,19.0
304.0,76.0,0.0,228.0,0.0,932.0,670.0,28,47.81,670.0,30.4
380.0,0.0,0.0,228.0,0.0,932.0,670.0,90,52.91,670.0,38.0
139.6,209.4,0.0,192.0,0.0,1047.0,806.9,90,39.36,806.9,13.959999999999999
342.0,38.0,0.0,228.0,0.0,932.0,670.0,365,56.14,670.0,34.2
380.0,95.0,0.0,228.0,0.0,932.0,594.0,90,40.56,594.0,38.0
475.0,0.0,0.0,228.0,0.0,932.0,594.0,180,42.62,594.0,47.5
427.5,47.5,0.0,228.0,,932.0,594.0,180,41.84,594.0,42.75
139.6,209.4,0.0,192.0,0.0,1047.0,806.9,28,28.24,806.9,13.959999999999999
139.6,209.4,0.0,192.0,0.0,1047.0,806.9,3,8.06,806.9,13.959999999999999
139.6,209.4,0.0,192.0,0.0,1047.0,806.9,180,44.21,806.9,13.959999999999999
380.0,0.0,0.0,228.0,0.0,932.0,670.0,365,52.52,670.0,38.0
380.0,0.0,0.0,228.0,,932.0,670.0,270,53.3,670.0,38.0
380.0,95.0,0.0,228.0,0.0,932.0,594.0,-1,41.15,594.0,38.0
342.0,38.0,0.0,228.0,0.0,932.0,670.0,180,52.12,670.0,34.2
427.5,47.5,0.0,228.0,0.0,932.0,594.0,28,37.43,594.0,42.75
475.0,0.0,0.0,228.0,0.0,932.0,594.0,7,38.6,594.0,47.5
304.0,1078.1999999999998,0.0,228.0,0.0,932.0,670.0,365,55.26,670.0,30.4
266.0,114.0,0.0,228.0,0.0,932.0,670.0,365,52.91,670.0,26.6
198.6,132.4,0.0,192.0,0.0,978.4,825.5,180,41.72,825.5,19.86
475.0,0.0,0.0,228.0,0.0,466.0,594.0,270,42.13,594.0,47.5
190.0,190.0,0.0,228.0,0.0,932.0,670.0,365,53.69,670.0,19.0
237.5,237.5,0.0,228.0,0.0,932.0,594.0,270,38.41,594.0,23.75
237.5,237.5,0.0,228.0,0.0,932.0,594.0,28,30.08,594.0,23.75
332.5,142.5,0.0,228.0,0.0,932.0,594.0,90,37.72,594.0,33.25
475.0,0.0,0.0,228.0,0.0,932.0,594.0,90,42.23,594.0,47.5
237.5,237.5,0.0,228.0,0.0,932.0,594.0,180,36.25,594.0,23.75
342.0,38.0,0.0,228.0,0.0,932.0,670.0,90,50.46,670.0,34.2
427.5,47.5,0.0,228.0,0.0,932.0,594.0,365,43.7,594.0,42.75
237.5,237.5,0.0,228.0,0.0,932.0,594.0,365,39.0,594.0,23.75
380.0,0.0,0.0,228.0,0.0,932.0,670.0,180,53.1,670.0,38.0
427.5,47.5,0.0,228.0,0.0,932.0,594.0,90,41.54,594.0,42.75
427.5,47.5,0.0,228.0,,932.0,594.0,7,35.08,594.0,42.75
349.0,0.0,0.0,192.0,0.0,1047.0,806.9,3,15.05,806.9,34.9
380.0,95.0,0.0,228.0,0.0,932.0,594.0,180,40.76,594.0,38.0
237.5,237.5,0.0,228.0,0.0,932.0,594.0,7,26.26,594.0,23.75
380.0,95.0,0.0,228.0,0.0,932.0,594.0,7,32.82,594.0,38.0
332.5,142.5,0.0,228.0,0.0,932.0,594.0,180,39.78,594.0,33.25
190.0,190.0,0.0,,0.0,932.0,670.0,180,46.93,670.0,19.0
237.5,237.5,0.0,228.0,0.0,932.0,594.0,-1,33.12,594.0,23.75
304.0,76.0,0.0,228.0,0.0,932.0,670.0,90,49.19,670.0,30.4
139.6,209.4,0.0,192.0,0.0,1047.0,806.9,7,14.59,806.9,13.959999999999999
198.6,132.4,0.0,192.0,0.0,978.4,825.5,7,14.64,825.5,19.86
475.0,0.0,0.0,,0.0,932.0,594.0,365,41.93,594.0,47.5
198.6,132.4,0.0,192.0,0.0,978.4,825.5,3,9.13,825.5,19.86
304.0,76.0,0.0,228.0,0.0,932.0,670.0,180,50.95,670.0,30.4
332.5,142.5,0.0,228.0,0.0,932.0,594.0,28,33.02,594.0,33.25
304.0,76.0,0.0,228.0,0.0,932.0,670.0,-1,54.38,670.0,30.4
266.0,114.0,0.0,228.0,0.0,932.0,670.0,270,51.73,670.0,26.6
310.0,0.0,0.0,192.0,0.0,971.0,850.6,3,9.87,850.6,31.0
190.0,190.0,0.0,228.0,0.0,932.0,670.0,270,50.66,670.0,19.0
266.0,114.0,0.0,228.0,0.0,932.0,670.0,180,48.7,670.0,26.6
342.0,38.0,0.0,228.0,0.0,932.0,670.0,270,55.06,670.0,34.2
139.6,209.4,0.0,192.0,0.0,1047.0,806.9,360,44.7,806.9,13.959999999999999
332.5,142.5,0.0,228.0,0.0,932.0,594.0,7,30.28,594.0,33.25
190.0,190.0,0.0,228.0,0.0,932.0,670.0,28,40.86,670.0,19.0
485.0,0.0,0.0,146.0,0.0,1120.0,800.0,28,71.99,800.0,48.5
374.0,189.2,0.0,170.1,10.1,926.1,756.7,3,34.4,756.7,37.4
313.3,262.2,0.0,175.5,8.6,1046.9,611.8,3,28.8,611.8,31.330000000000002
425.0,106.3,0.0,153.5,16.5,852.1,887.1,3,33.4,887.1,42.5
425.0,106.3,0.0,151.4,18.6,936.0,803.7,3,36.3,803.7,42.5
375.0,93.8,0.0,126.6,23.4,852.1,992.6,3,29.0,992.6,37.5
475.0,118.8,0.0,181.1,8.9,852.1,781.5,3,37.8,781.5,47.5
469.0,117.2,0.0,137.8,32.2,852.1,840.5,3,40.2,840.5,46.9
425.0,106.3,0.0,153.5,16.5,852.1,887.1,3,33.4,887.1,42.5
388.6,97.1,0.0,157.9,12.1,852.1,925.7,3,28.1,925.7,38.86
531.3,0.0,0.0,141.8,28.2,852.1,893.7,3,41.3,893.7,53.129999999999995
425.0,106.3,0.0,153.5,16.5,852.1,887.1,3,33.4,887.1,42.5
318.8,212.5,0.0,155.7,14.3,852.1,880.4,3,25.2,880.4,31.880000000000003
401.8,94.7,0.0,147.4,11.4,946.8,852.1,3,41.1,852.1,40.18
362.6,189.0,0.0,164.9,11.6,944.7,755.8,3,35.3,755.8,36.260000000000005
323.7,1078.1999999999998,0.0,183.8,10.3,942.7,659.9,3,28.3,659.9,32.37
379.5,151.2,0.0,153.9,15.9,1134.3,605.0,3,28.6,605.0,37.95
362.6,189.0,0.0,164.9,11.6,944.7,755.8,3,35.3,755.8,36.260000000000005
286.3,200.9,0.0,144.7,11.2,1004.6,803.7,3,24.4,803.7,28.630000000000003
362.6,189.0,0.0,164.9,,944.7,755.8,3,35.3,755.8,36.260000000000005
439.0,177.0,0.0,186.0,11.1,884.9,707.9,3,39.3,707.9,43.9
389.9,189.0,0.0,145.9,22.0,944.7,755.8,3,40.6,755.8,38.989999999999995
362.6,189.0,0.0,164.9,11.6,944.7,755.8,3,35.3,755.8,36.260000000000005
337.9,189.0,0.0,174.9,9.5,944.7,755.8,3,24.1,755.8,33.79
374.0,189.2,0.0,170.1,10.1,926.1,756.7,7,46.2,756.7,37.4
313.3,262.2,0.0,175.5,8.6,1046.9,611.8,7,42.8,611.8,31.330000000000002
425.0,106.3,0.0,153.5,16.5,852.1,887.1,7,49.2,887.1,42.5
425.0,106.3,0.0,151.4,18.6,936.0,803.7,7,46.8,803.7,42.5
375.0,93.8,0.0,126.6,23.4,852.1,992.6,7,45.7,992.6,37.5
475.0,118.8,0.0,181.1,8.9,1278.15,781.5,7,55.6,781.5,47.5
469.0,117.2,0.0,137.8,32.2,852.1,840.5,7,54.9,840.5,46.9
425.0,106.3,0.0,153.5,16.5,852.1,887.1,7,49.2,887.1,42.5
388.6,97.1,0.0,157.9,12.1,852.1,925.7,7,34.9,925.7,38.86
531.3,0.0,0.0,141.8,28.2,852.1,893.7,-1,46.9,893.7,53.129999999999995
425.0,106.3,0.0,153.5,16.5,852.1,887.1,7,49.2,887.1,42.5
318.8,212.5,0.0,155.7,14.3,852.1,880.4,7,33.4,880.4,31.880000000000003
401.8,94.7,0.0,147.4,11.4,946.8,852.1,7,54.1,852.1,40.18
362.6,189.0,0.0,164.9,11.6,944.7,755.8,7,55.9,755.8,36.260000000000005
323.7,282.8,0.0,183.8,10.3,942.7,659.9,7,49.8,659.9,32.37
379.5,151.2,0.0,153.9,15.9,567.15,605.0,7,47.1,605.0,37.95
362.6,189.0,0.0,164.9,11.6,944.7,755.8,7,55.9,755.8,36.260000000000005
286.3,200.9,0.0,144.7,11.2,1004.6,803.7,7,38.0,803.7,28.630000000000003
362.6,189.0,0.0,164.9,11.6,1417.0500000000002,755.8,7,55.9,755.8,36.260000000000005
439.0,177.0,0.0,186.0,11.1,884.9,707.9,7,56.1,707.9,43.9
389.9,189.0,0.0,145.9,22.0,944.7,755.8,7,59.09,755.8,38.989999999999995
362.6,189.0,0.0,164.9,11.6,944.7,755.8,7,22.9,755.8,36.260000000000005
337.9,189.0,0.0,174.9,9.5,944.7,755.8,7,35.1,755.8,33.79
374.0,189.2,0.0,170.1,10.1,926.1,756.7,28,61.09,756.7,37.4
313.3,262.2,0.0,175.5,8.6,1046.9,611.8,28,59.8,611.8,31.330000000000002
425.0,106.3,0.0,153.5,16.5,852.1,887.1,28,60.29,887.1,42.5
425.0,106.3,0.0,151.4,18.6,936.0,803.7,28,61.8,803.7,42.5
375.0,93.8,0.0,126.6,23.4,852.1,992.6,28,56.7,992.6,37.5
475.0,118.8,0.0,181.1,8.9,852.1,781.5,28,68.3,781.5,47.5
469.0,117.2,0.0,137.8,32.2,852.1,840.5,28,66.9,840.5,46.9
425.0,106.3,0.0,153.5,16.5,852.1,887.1,28,60.29,887.1,42.5
388.6,97.1,0.0,157.9,12.1,852.1,925.7,28,50.7,925.7,38.86
531.3,0.0,0.0,141.8,28.2,852.1,893.7,28,56.4,893.7,53.129999999999995
425.0,106.3,0.0,153.5,16.5,852.1,887.1,28,60.29,887.1,42.5
318.8,212.5,0.0,155.7,14.3,852.1,880.4,28,55.5,880.4,31.880000000000003
401.8,94.7,0.0,147.4,11.4,946.8,852.1,28,68.5,852.1,40.18
362.6,189.0,0.0,164.9,11.6,944.7,755.8,28,71.3,755.8,36.260000000000005
323.7,282.8,0.0,183.8,10.3,942.7,659.9,28,74.7,659.9,32.37
379.5,151.2,0.0,153.9,15.9,1134.3,605.0,28,52.2,605.0,37.95
362.6,189.0,0.0,164.9,11.6,944.7,755.8,28,71.3,755.8,36.260000000000005
286.3,200.9,0.0,144.7,11.2,1004.6,803.7,28,67.7,803.7,28.630000000000003
362.6,189.0,0.0,164.9,11.6,944.7,755.8,28,71.3,755.8,36.260000000000005
439.0,177.0,0.0,186.0,11.1,884.9,707.9,28,66.0,707.9,43.9
389.9,189.0,0.0,145.9,22.0,944.7,755.8,28,74.5,755.8,38.989999999999995
362.6,189.0,0.0,164.9,11.6,944.7,755.8,28,71.3,755.8,36.260000000000005
337.9,189.0,0.0,174.9,9.5,944.7,755.8,28,49.9,755.8,33.79
374.0,189.2,0.0,170.1,10.1,926.1,756.7,-1,63.4,756.7,37.4
313.3,262.2,0.0,175.5,8.6,1046.9,611.8,56,64.9,611.8,31.330000000000002
425.0,106.3,0.0,153.5,16.5,852.1,887.1,56,64.3,887.1,42.5
425.0,106.3,0.0,151.4,18.6,936.0,803.7,56,64.9,803.7,42.5
375.0,93.8,0.0,126.6,23.4,852.1,992.6,56,60.2,992.6,37.5
475.0,118.8,0.0,181.1,8.9,852.1,781.5,56,,781.5,47.5
469.0,117.2,0.0,137.8,32.2,852.1,840.5,56,69.3,840.5,46.9
425.0,106.3,0.0,153.5,16.5,852.1,887.1,56,64.3,887.1,42.5
388.6,97.1,0.0,157.9,12.1,852.1,925.7,56,55.2,925.7,38.86
531.3,0.0,0.0,141.8,28.2,852.1,893.7,56,58.8,893.7,53.129999999999995
425.0,106.3,0.0,153.5,,852.1,887.1,56,64.3,887.1,42.5
318.8,212.5,0.0,155.7,14.3,852.1,880.4,56,66.1,880.4,31.880000000000003
401.8,94.7,0.0,147.4,,946.8,852.1,56,73.7,852.1,40.18
362.6,189.0,0.0,164.9,11.6,944.7,755.8,56,77.3,755.8,36.260000000000005
323.7,282.8,0.0,183.8,10.3,942.7,659.9,56,80.2,659.9,32.37
379.5,151.2,0.0,153.9,,1134.3,605.0,56,54.9,605.0,37.95
362.6,189.0,0.0,164.9,11.6,944.7,755.8,-1,77.3,755.8,36.260000000000005
286.3,200.9,0.0,144.7,11.2,1004.6,803.7,56,72.99,803.7,28.630000000000003
362.6,189.0,0.0,,11.6,944.7,755.8,56,77.3,755.8,36.260000000000005
439.0,177.0,0.0,186.0,11.1,884.9,707.9,56,71.7,707.9,43.9
389.9,189.0,0.0,145.9,22.0,944.7,755.8,56,79.4,755.8,38.989999999999995
362.6,189.0,0.0,164.9,11.6,944.7,755.8,56,,755.8,36.260000000000005
337.9,189.0,0.0,174.9,9.5,944.7,755.8,56,59.89,755.8,33.79
374.0,189.2,0.0,170.1,10.1,926.1,756.7,91,64.9,756.7,37.4
313.3,262.2,0.0,175.5,8.6,1046.9,611.8,91,66.6,611.8,31.330000000000002
425.0,106.3,0.0,153.5,16.5,852.1,887.1,91,65.2,887.1,42.5
425.0,106.3,0.0,151.4,18.6,936.0,803.7,91,66.7,803.7,42.5
375.0,93.8,0.0,126.6,23.4,852.1,992.6,91,62.5,992.6,37.5
475.0,118.8,0.0,181.1,8.9,852.1,781.5,91,74.19,781.5,47.5
469.0,117.2,0.0,137.8,32.2,852.1,840.5,91,70.7,840.5,46.9
425.0,106.3,0.0,153.5,16.5,852.1,887.1,91,65.2,887.1,42.5
388.6,97.1,0.0,157.9,12.1,852.1,925.7,91,57.6,925.7,38.86
531.3,0.0,0.0,141.8,28.2,852.1,893.7,91,59.2,893.7,53.129999999999995
425.0,106.3,0.0,153.5,16.5,852.1,887.1,91,,887.1,42.5
318.8,212.5,0.0,155.7,14.3,852.1,880.4,91,68.1,880.4,31.880000000000003
401.8,94.7,0.0,147.4,11.4,946.8,852.1,91,75.5,852.1,40.18
362.6,189.0,0.0,164.9,11.6,944.7,755.8,91,79.3,755.8,36.260000000000005
379.5,151.2,0.0,153.9,15.9,1134.3,605.0,91,56.5,605.0,37.95
362.6,189.0,0.0,164.9,11.6,944.7,755.8,91,79.3,755.8,36.260000000000005
286.3,200.9,0.0,144.7,11.2,1004.6,803.7,91,76.8,803.7,28.630000000000003
362.6,189.0,0.0,,11.6,944.7,755.8,91,79.3,755.8,36.260000000000005
439.0,177.0,0.0,186.0,11.1,884.9,707.9,91,73.3,707.9,43.9
389.9,189.0,0.0,145.9,22.0,944.7,755.8,91,82.6,755.8,38.989999999999995
362.6,189.0,0.0,164.9,11.6,944.7,755.8,91,79.3,755.8,36.260000000000005
337.9,189.0,0.0,174.9,9.5,944.7,755.8,91,67.8,755.8,33.79
222.4,0.0,96.7,189.3,4.5,967.1,870.3,3,11.58,870.3,22.240000000000002
222.4,0.0,96.7,189.3,4.5,967.1,870.3,14,24.45,870.3,22.240000000000002
222.4,0.0,96.7,189.3,4.5,967.1,870.3,28,24.89,870.3,22.240000000000002
222.4,0.0,96.7,189.3,4.5,967.1,870.3,56,29.45,870.3,22.240000000000002
222.4,0.0,96.7,189.3,4.5,967.1,870.3,100,40.71,870.3,22.240000000000002
233.8,0.0,94.6,197.9,4.6,947.0,852.2,3,10.38,852.2,23.380000000000003
233.8,0.0,94.6,197.9,4.6,947.0,852.2,14,22.14,852.2,23.380000000000003
233.8,0.0,94.6,197.9,4.6,947.0,852.2,-1,22.84,852.2,23.380000000000003
233.8,0.0,94.6,197.9,4.6,947.0,852.2,56,27.66,852.2,23.380000000000003
233.8,0.0,94.6,197.9,4.6,473.5,852.2,100,34.56,852.2,23.380000000000003
194.7,0.0,100.5,,7.5,1006.4,905.9,3,12.45,905.9,19.47
194.7,0.0,100.5,165.6,7.5,1006.4,905.9,14,24.99,905.9,19.47
194.7,0.0,100.5,165.6,7.5,1006.4,905.9,28,25.72,905.9,19.47
194.7,0.0,100.5,165.6,7.5,1006.4,905.9,56,33.96,905.9,19.47
194.7,0.0,100.5,165.6,7.5,1006.4,905.9,100,37.34,905.9,19.47
190.7,1078.1999999999998,125.4,162.1,7.8,1090.0,804.0,3,15.04,804.0,19.07
190.7,0.0,125.4,162.1,7.8,1090.0,804.0,14,21.06,804.0,19.07
190.7,0.0,125.4,162.1,7.8,1090.0,804.0,28,26.4,804.0,19.07
190.7,1078.1999999999998,125.4,162.1,7.8,1090.0,804.0,56,35.34,804.0,19.07
190.7,0.0,125.4,162.1,7.8,1090.0,804.0,100,40.57,804.0,19.07
212.1,0.0,121.6,180.3,5.7,1057.6,779.3,3,12.47,779.3,21.21
212.1,0.0,121.6,180.3,5.7,1057.6,779.3,14,20.92,779.3,21.21
212.1,0.0,121.6,180.3,5.7,1057.6,779.3,28,24.9,779.3,21.21
212.1,0.0,121.6,180.3,5.7,1057.6,779.3,56,34.2,779.3,21.21
212.1,0.0,121.6,180.3,5.7,1057.6,779.3,100,39.61,779.3,21.21
230.0,0.0,118.3,195.5,4.6,1029.4,758.6,3,10.03,758.6,23.0
230.0,0.0,118.3,195.5,4.6,1029.4,758.6,14,20.08,758.6,23.0
230.0,0.0,118.3,195.5,4.6,1029.4,758.6,28,24.48,758.6,23.0
230.0,0.0,118.3,195.5,4.6,1029.4,758.6,56,31.54,758.6,23.0
230.0,0.0,118.3,195.5,4.6,1029.4,758.6,100,35.34,758.6,23.0
190.3,0.0,125.2,161.9,9.9,1088.1,802.6,3,9.45,802.6,19.03
190.3,0.0,125.2,161.9,9.9,1088.1,802.6,14,22.72,802.6,19.03
190.3,0.0,125.2,161.9,9.9,1088.1,802.6,28,28.47,802.6,19.03
190.3,0.0,125.2,161.9,9.9,1088.1,802.6,56,38.56,802.6,19.03
190.3,0.0,125.2,161.9,9.9,1088.1,802.6,100,40.39,802.6,19.03
166.1,0.0,163.3,176.5,4.5,1058.6,780.1,3,10.76,780.1,16.61
166.1,0.0,163.3,176.5,4.5,1058.6,780.1,14,25.48,780.1,16.61
166.1,0.0,163.3,,4.5,1058.6,780.1,28,21.54,780.1,16.61
166.1,0.0,163.3,176.5,4.5,1058.6,780.1,56,28.63,780.1,16.61
166.1,0.0,163.3,176.5,4.5,1058.6,780.1,100,,780.1,16.61
168.0,42.1,163.8,121.8,5.7,1058.7,780.1,3,7.75,780.1,16.8
168.0,42.1,163.8,121.8,5.7,1058.7,780.1,14,17.82,780.1,16.8
168.0,42.1,163.8,121.8,5.7,1058.7,780.1,28,24.24,780.1,16.8
168.0,42.1,163.8,121.8,5.7,1058.7,780.1,56,32.85,780.1,16.8
168.0,42.1,163.8,121.8,5.7,1058.7,780.1,100,39.23,780.1,16.8
213.7,98.1,24.5,181.7,6.9,1065.8,785.4,3,18.0,785.4,21.369999999999997
213.7,98.1,24.5,181.7,6.9,1065.8,785.4,14,30.39,785.4,21.369999999999997
213.7,98.1,24.5,181.7,6.9,1065.8,785.4,-1,45.71,785.4,21.369999999999997
213.7,98.1,24.5,181.7,6.9,1065.8,785.4,56,50.77,785.4,21.369999999999997
213.7,98.1,24.5,181.7,6.9,1065.8,785.4,100,53.9,785.4,21.369999999999997
213.8,98.1,24.5,181.7,6.7,1066.0,785.5,3,13.18,785.5,21.380000000000003
213.8,98.1,24.5,181.7,6.7,1599.0,785.5,14,17.84,785.5,21.380000000000003
213.8,98.1,24.5,181.7,,1066.0,785.5,28,40.23,785.5,21.380000000000003
213.8,98.1,24.5,181.7,6.7,1066.0,785.5,56,47.13,785.5,21.380000000000003
213.8,98.1,24.5,181.7,6.7,1066.0,785.5,100,49.97,785.5,21.380000000000003
229.7,0.0,118.2,195.2,,1028.1,757.6,3,13.36,757.6,22.97
229.7,0.0,118.2,195.2,6.1,1028.1,757.6,14,22.32,757.6,22.97
229.7,0.0,118.2,195.2,6.1,1028.1,757.6,28,24.54,757.6,22.97
229.7,0.0,118.2,,6.1,1028.1,757.6,56,31.35,757.6,22.97
229.7,0.0,118.2,195.2,6.1,1028.1,757.6,100,40.86,757.6,22.97
238.1,0.0,94.1,186.7,7.0,949.9,847.0,3,19.93,847.0,23.81
238.1,0.0,94.1,186.7,7.0,949.9,847.0,14,25.69,847.0,23.81
238.1,0.0,94.1,186.7,7.0,949.9,847.0,28,30.23,847.0,23.81
238.1,0.0,94.1,186.7,7.0,949.9,847.0,56,39.59,847.0,23.81
238.1,0.0,94.1,186.7,7.0,949.9,847.0,100,44.3,847.0,23.81
250.0,0.0,95.7,187.4,5.5,956.9,861.2,3,13.82,861.2,25.0
250.0,0.0,95.7,187.4,5.5,1435.35,861.2,14,24.92,861.2,25.0
250.0,0.0,95.7,187.4,,956.9,861.2,28,29.22,861.2,25.0
250.0,0.0,95.7,187.4,5.5,956.9,861.2,56,38.33,861.2,25.0
250.0,0.0,95.7,187.4,5.5,956.9,861.2,100,42.35,861.2,25.0
212.5,0.0,100.4,159.3,8.7,1007.8,903.6,3,,903.6,21.25
212.5,0.0,100.4,159.3,8.7,1007.8,903.6,14,26.31,903.6,21.25
212.5,0.0,100.4,159.3,8.7,1007.8,903.6,28,31.64,903.6,21.25
212.5,0.0,100.4,159.3,8.7,1007.8,903.6,56,42.55,903.6,21.25
212.5,0.0,100.4,159.3,8.7,1007.8,903.6,100,42.92,903.6,21.25
212.6,0.0,100.4,159.4,10.4,1003.8,903.8,3,13.33,903.8,21.259999999999998
212.6,0.0,100.4,159.4,10.4,1003.8,903.8,14,25.37,903.8,21.259999999999998
212.6,0.0,100.4,159.4,10.4,1003.8,903.8,28,37.4,903.8,21.259999999999998
212.6,0.0,100.4,159.4,10.4,1003.8,903.8,-1,44.4,903.8,21.259999999999998
212.6,0.0,100.4,,10.4,1003.8,903.8,100,47.74,903.8,21.259999999999998
212.0,0.0,124.8,159.0,7.8,1085.4,799.5,3,19.52,799.5,21.2
212.0,0.0,124.8,159.0,7.8,1085.4,799.5,14,31.35,799.5,21.2
212.0,0.0,124.8,159.0,7.8,1085.4,799.5,28,38.5,799.5,21.2
212.0,1078.1999999999998,124.8,159.0,7.8,1085.4,799.5,56,45.08,799.5,21.2
212.0,0.0,124.8,,7.8,1085.4,799.5,100,47.82,799.5,21.2
231.8,0.0,121.6,174.0,6.7,1056.4,778.5,3,15.44,778.5,23.18
231.8,0.0,121.6,174.0,6.7,1056.4,778.5,14,26.77,778.5,23.18
231.8,0.0,121.6,174.0,6.7,1056.4,778.5,28,33.73,778.5,23.18
231.8,0.0,121.6,174.0,6.7,1056.4,778.5,56,42.7,778.5,23.18
231.8,1078.1999999999998,121.6,174.0,6.7,1056.4,778.5,100,45.84,778.5,23.18
251.4,0.0,118.3,188.5,5.8,1028.4,757.7,3,17.22,757.7,25.14
251.4,0.0,118.3,188.5,5.8,1028.4,757.7,14,29.93,757.7,25.14
251.4,0.0,118.3,188.5,5.8,1028.4,757.7,28,29.65,757.7,25.14
251.4,0.0,118.3,188.5,5.8,1028.4,757.7,56,36.97,757.7,25.14
251.4,0.0,118.3,188.5,5.8,1028.4,757.7,100,,757.7,25.14
251.4,0.0,118.3,188.5,6.4,1028.4,757.7,3,13.12,757.7,25.14
251.4,0.0,118.3,188.5,6.4,1028.4,757.7,14,24.43,757.7,25.14
251.4,0.0,118.3,188.5,6.4,1028.4,757.7,28,32.66,757.7,25.14
251.4,0.0,118.3,188.5,6.4,1028.4,757.7,56,36.64,757.7,25.14
251.4,0.0,118.3,188.5,6.4,1028.4,757.7,100,44.21,757.7,25.14
181.4,0.0,167.0,169.6,7.6,1055.6,777.8,3,13.62,777.8,18.14
181.4,0.0,167.0,169.6,7.6,1055.6,777.8,14,21.6,777.8,18.14
181.4,0.0,167.0,169.6,7.6,1055.6,777.8,28,27.77,777.8,18.14
181.4,0.0,167.0,169.6,7.6,1055.6,777.8,56,35.57,777.8,18.14
181.4,0.0,167.0,169.6,7.6,1055.6,777.8,100,45.37,777.8,18.14
182.0,45.2,122.0,170.2,8.2,1059.4,780.7,3,7.32,780.7,18.2
182.0,45.2,122.0,170.2,,1059.4,780.7,14,21.5,780.7,18.2
182.0,45.2,122.0,,8.2,1059.4,780.7,28,31.27,780.7,18.2
182.0,45.2,122.0,170.2,8.2,1059.4,780.7,56,43.5,780.7,18.2
182.0,45.2,122.0,170.2,8.2,1059.4,780.7,100,48.67,780.7,18.2
168.9,42.2,124.3,158.3,10.8,1080.8,796.2,3,7.4,796.2,16.89
168.9,42.2,124.3,158.3,,1080.8,796.2,14,23.51,796.2,16.89
168.9,42.2,124.3,158.3,10.8,1080.8,796.2,28,31.12,796.2,16.89
168.9,42.2,124.3,158.3,10.8,1080.8,796.2,56,39.15,796.2,16.89
168.9,42.2,124.3,158.3,10.8,1080.8,796.2,100,48.15,796.2,16.89
290.4,0.0,96.2,168.1,9.4,961.2,865.0,3,22.5,865.0,29.04
290.4,0.0,96.2,168.1,9.4,961.2,865.0,14,34.67,865.0,29.04
290.4,0.0,96.2,168.1,9.4,961.2,865.0,28,34.74,865.0,29.04
290.4,0.0,96.2,168.1,9.4,961.2,865.0,56,45.08,865.0,29.04
290.4,0.0,96.2,168.1,9.4,961.2,865.0,100,48.97,865.0,29.04
277.1,0.0,97.4,160.6,11.8,973.9,875.6,3,23.14,875.6,27.71
277.1,0.0,97.4,160.6,11.8,973.9,875.6,14,41.89,875.6,27.71
277.1,0.0,97.4,160.6,11.8,973.9,875.6,28,48.28,875.6,27.71
277.1,0.0,97.4,,11.8,973.9,875.6,56,51.04,875.6,27.71
277.1,0.0,97.4,160.6,11.8,973.9,875.6,100,55.64,875.6,27.71
295.7,0.0,95.6,171.5,8.9,955.1,859.2,3,22.95,859.2,29.57
295.7,0.0,95.6,171.5,8.9,955.1,859.2,14,35.23,859.2,29.57
295.7,0.0,95.6,171.5,8.9,955.1,859.2,28,39.94,859.2,29.57
295.7,0.0,95.6,171.5,8.9,955.1,859.2,-1,48.72,859.2,29.57
295.7,0.0,95.6,171.5,8.9,955.1,859.2,100,52.04,859.2,29.57
251.8,0.0,99.9,146.1,12.4,1006.0,899.8,3,21.02,899.8,25.18
251.8,0.0,99.9,146.1,12.4,1006.0,899.8,14,33.36,899.8,25.18
251.8,0.0,99.9,146.1,12.4,1006.0,899.8,28,33.94,899.8,25.18
251.8,0.0,99.9,146.1,12.4,1006.0,899.8,56,44.14,899.8,25.18
251.8,0.0,99.9,146.1,12.4,1006.0,899.8,100,45.37,899.8,25.18
249.1,0.0,98.8,158.1,12.8,987.8,889.0,3,15.36,889.0,24.91
249.1,0.0,98.8,158.1,12.8,987.8,889.0,14,28.68,889.0,24.91
249.1,0.0,98.8,158.1,12.8,987.8,889.0,28,30.85,889.0,24.91
249.1,0.0,98.8,158.1,12.8,987.8,889.0,56,42.03,889.0,24.91
249.1,0.0,98.8,158.1,12.8,987.8,889.0,100,51.06,889.0,24.91
252.3,0.0,98.8,146.3,14.2,987.8,889.0,3,21.78,889.0,25.23
252.3,0.0,98.8,146.3,14.2,987.8,889.0,14,42.29,889.0,25.23
252.3,0.0,98.8,146.3,14.2,987.8,889.0,28,50.6,889.0,25.23
252.3,0.0,98.8,146.3,14.2,987.8,889.0,56,55.83,889.0,25.23
252.3,0.0,98.8,146.3,14.2,987.8,889.0,-1,60.95,889.0,25.23
246.8,0.0,125.1,143.3,12.0,1086.8,800.9,3,23.52,800.9,24.68
246.8,0.0,125.1,143.3,12.0,1086.8,800.9,14,42.22,800.9,24.68
246.8,0.0,125.1,143.3,12.0,1086.8,800.9,28,52.5,800.9,24.68
246.8,0.0,125.1,143.3,12.0,1086.8,800.9,56,,800.9,24.68
246.8,0.0,125.1,143.3,12.0,1086.8,800.9,100,66.42,800.9,24.68
275.1,0.0,121.4,159.5,9.9,1053.6,777.5,3,23.8,777.5,27.51
275.1,0.0,121.4,159.5,9.9,1053.6,777.5,14,38.77,777.5,27.51
275.1,0.0,121.4,159.5,9.9,1053.6,777.5,28,51.33,777.5,27.51
275.1,0.0,121.4,159.5,9.9,1053.6,777.5,56,56.85,777.5,27.51
275.1,0.0,121.4,159.5,,1053.6,777.5,100,58.61,777.5,27.51
297.2,0.0,117.5,174.8,,1022.8,753.5,-1,21.91,753.5,29.72
297.2,0.0,117.5,174.8,9.5,1022.8,753.5,14,36.99,753.5,29.72
297.2,0.0,117.5,174.8,9.5,1022.8,753.5,28,47.4,753.5,29.72
297.2,0.0,117.5,174.8,9.5,1022.8,753.5,56,51.96,753.5,29.72
297.2,0.0,117.5,174.8,,1022.8,753.5,100,56.74,753.5,29.72
213.7,0.0,174.7,154.8,10.2,1053.5,776.4,3,17.57,776.4,21.369999999999997
213.7,0.0,174.7,154.8,10.2,1053.5,776.4,14,33.73,776.4,21.369999999999997
213.7,0.0,174.7,154.8,10.2,1053.5,776.4,28,40.15,776.4,21.369999999999997
213.7,0.0,174.7,154.8,10.2,1053.5,776.4,56,46.64,776.4,21.369999999999997
213.7,0.0,174.7,154.8,10.2,1053.5,776.4,100,50.08,776.4,21.369999999999997
213.5,0.0,174.2,154.6,11.7,1052.3,775.5,3,17.37,775.5,21.35
213.5,1078.1999999999998,174.2,154.6,11.7,1052.3,775.5,14,33.7,775.5,21.35
213.5,0.0,174.2,154.6,11.7,1052.3,775.5,28,45.94,775.5,21.35
213.5,0.0,174.2,154.6,11.7,1052.3,775.5,56,51.43,775.5,21.35
213.5,0.0,174.2,154.6,11.7,1052.3,775.5,100,59.3,775.5,21.35
277.2,97.8,24.5,160.7,11.2,1061.7,782.5,3,30.45,782.5,27.72
277.2,97.8,24.5,160.7,11.2,1061.7,782.5,14,47.71,782.5,27.72
277.2,97.8,24.5,160.7,11.2,1061.7,782.5,28,63.14,782.5,27.72
277.2,97.8,24.5,160.7,11.2,1061.7,782.5,56,66.82,782.5,27.72
277.2,97.8,24.5,160.7,11.2,1061.7,782.5,100,66.95,782.5,27.72
218.2,54.6,123.8,140.8,11.9,1075.7,792.7,3,27.42,792.7,21.82
218.2,54.6,123.8,140.8,,1075.7,792.7,14,35.96,792.7,21.82
218.2,54.6,123.8,140.8,11.9,1075.7,792.7,-1,55.51,792.7,21.82
218.2,54.6,123.8,140.8,11.9,1075.7,792.7,56,61.99,792.7,21.82
218.2,54.6,123.8,140.8,11.9,1075.7,792.7,100,63.53,792.7,21.82
214.9,53.8,121.9,155.6,9.6,1014.3,780.6,3,18.02,780.6,21.490000000000002
214.9,53.8,121.9,155.6,9.6,1014.3,780.6,14,38.6,780.6,21.490000000000002
214.9,53.8,121.9,155.6,9.6,1014.3,780.6,28,52.2,780.6,21.490000000000002
214.9,53.8,121.9,155.6,9.6,1014.3,780.6,56,53.96,780.6,21.490000000000002
214.9,53.8,121.9,155.6,9.6,1014.3,780.6,100,56.63,780.6,21.490000000000002
218.9,0.0,124.1,158.5,11.3,1078.7,794.9,3,15.34,794.9,21.89
218.9,0.0,124.1,158.5,11.3,1078.7,794.9,14,26.05,794.9,21.89
218.9,0.0,124.1,158.5,,1078.7,794.9,28,30.22,794.9,21.89
218.9,0.0,124.1,158.5,11.3,1078.7,794.9,56,37.27,794.9,21.89
218.9,0.0,124.1,158.5,11.3,539.35,794.9,100,46.23,794.9,21.89
376.0,0.0,0.0,214.6,0.0,1003.5,762.4,3,16.28,762.4,37.6
376.0,0.0,0.0,214.6,0.0,1003.5,762.4,14,25.62,762.4,37.6
376.0,0.0,0.0,214.6,0.0,1003.5,762.4,28,31.97,762.4,37.6
376.0,0.0,0.0,214.6,0.0,1003.5,762.4,56,36.3,762.4,37.6
376.0,0.0,0.0,214.6,0.0,1003.5,762.4,100,43.06,762.4,37.6
500.0,0.0,0.0,140.0,4.0,483.0,853.0,28,67.57,853.0,50.0
475.0,0.0,59.0,142.0,1.9,1098.0,641.0,28,57.23,641.0,47.5
315.0,137.0,0.0,145.0,5.9,1130.0,745.0,28,81.75,745.0,31.5
505.0,0.0,60.0,195.0,0.0,1030.0,630.0,28,64.02,630.0,50.5
451.0,0.0,0.0,165.0,11.3,1030.0,745.0,28,78.8,745.0,45.1
516.0,0.0,0.0,162.0,8.2,801.0,802.0,28,41.37,802.0,51.6
520.0,0.0,0.0,170.0,5.2,855.0,855.0,28,60.28,855.0,52.0
528.0,0.0,0.0,185.0,6.9,920.0,720.0,28,56.83,720.0,52.8
520.0,0.0,0.0,175.0,5.2,870.0,805.0,28,51.02,805.0,52.0
385.0,0.0,136.0,158.0,20.0,903.0,768.0,28,55.55,768.0,38.5
500.1,0.0,0.0,200.0,3.0,1124.4,613.2,28,44.13,613.2,50.010000000000005
450.1,50.0,0.0,200.0,3.0,1124.4,613.2,28,39.38,613.2,45.010000000000005
397.0,17.2,158.0,167.0,20.8,967.0,633.0,28,55.65,633.0,39.7
333.0,17.5,163.0,167.0,17.9,996.0,652.0,28,47.28,652.0,33.3
334.0,17.6,158.0,189.0,15.3,967.0,633.0,28,44.33,633.0,33.4
405.0,0.0,0.0,175.0,0.0,1120.0,695.0,28,52.3,695.0,40.5
200.0,200.0,0.0,190.0,0.0,1145.0,660.0,28,49.25,660.0,20.0
516.0,0.0,0.0,162.0,8.3,801.0,802.0,28,41.37,802.0,51.6
145.0,116.0,119.0,184.0,5.7,833.0,880.0,28,29.16,880.0,14.5
160.0,128.0,122.0,182.0,6.4,824.0,879.0,28,39.4,879.0,16.0
234.0,156.0,0.0,189.0,5.9,981.0,760.0,28,39.3,760.0,23.4
250.0,180.0,95.0,159.0,9.5,860.0,800.0,28,67.87,800.0,25.0
475.0,0.0,0.0,162.0,9.5,1044.0,662.0,-1,,662.0,47.5
285.0,190.0,0.0,163.0,7.6,1031.0,685.0,28,53.58,685.0,28.5
356.0,119.0,0.0,160.0,9.0,1061.0,657.0,28,59.0,657.0,35.6
275.0,180.0,120.0,,10.4,830.0,765.0,28,76.24,765.0,27.5
500.0,0.0,0.0,151.0,9.0,1033.0,655.0,28,69.84,655.0,50.0
165.0,0.0,143.6,163.8,0.0,1005.6,900.9,3,14.4,900.9,16.5
165.0,128.5,132.1,,,1005.8,746.6,3,19.42,746.6,16.5
178.0,129.8,118.6,179.9,3.6,1007.3,746.8,3,20.73,746.8,17.8
167.4,129.9,128.6,175.5,7.8,1006.3,746.6,3,14.94,746.6,16.740000000000002
172.4,13.6,172.4,156.8,,1006.3,856.4,3,21.29,856.4,17.240000000000002
173.5,50.1,173.5,164.8,6.5,1006.2,793.5,3,23.08,793.5,17.35
167.0,75.4,167.0,164.0,7.9,1007.3,770.1,3,15.52,770.1,16.7
173.8,93.4,159.9,172.3,9.7,1007.2,746.6,3,15.82,746.6,17.380000000000003
190.3,0.0,125.2,166.6,9.9,1079.0,798.9,3,12.55,798.9,19.03
250.0,0.0,95.7,191.8,,948.9,857.2,3,8.49,857.2,25.0
213.5,0.0,174.2,159.2,11.7,1043.6,771.9,3,15.61,771.9,21.35
194.7,0.0,100.5,170.2,7.5,998.0,901.8,3,12.18,901.8,19.47
251.4,0.0,118.3,192.9,5.8,1043.6,754.3,3,11.98,754.3,25.14
165.0,0.0,143.6,163.8,0.0,1005.6,900.9,14,16.88,900.9,16.5
165.0,128.5,132.1,175.1,8.1,1005.8,746.6,14,33.09,746.6,16.5
178.0,129.8,118.6,179.9,3.6,1007.3,746.8,14,34.24,746.8,17.8
167.4,129.9,128.6,175.5,7.8,1006.3,746.6,14,31.81,746.6,16.740000000000002
172.4,13.6,172.4,,4.1,1006.3,856.4,14,29.75,856.4,17.240000000000002
173.5,50.1,173.5,164.8,6.5,1006.2,793.5,14,33.01,793.5,17.35
167.0,75.4,167.0,164.0,7.9,1007.3,770.1,14,32.9,770.1,16.7
173.8,93.4,159.9,172.3,9.7,1007.2,746.6,-1,29.55,746.6,17.380000000000003
190.3,0.0,125.2,166.6,9.9,1079.0,798.9,14,19.42,798.9,19.03
250.0,0.0,95.7,191.8,5.3,948.9,857.2,14,24.66,857.2,25.0
213.5,0.0,174.2,159.2,11.7,1043.6,771.9,14,29.59,771.9,21.35
194.7,0.0,100.5,170.2,7.5,998.0,901.8,14,24.28,901.8,19.47
251.4,0.0,118.3,192.9,5.8,1043.6,754.3,14,20.73,754.3,25.14
165.0,0.0,143.6,163.8,0.0,1005.6,900.9,28,26.2,900.9,16.5
165.0,128.5,132.1,175.1,8.1,1508.6999999999998,746.6,28,46.39,746.6,16.5
178.0,129.8,118.6,179.9,3.6,1007.3,746.8,28,39.16,746.8,17.8
167.4,129.9,128.6,175.5,7.8,1006.3,746.6,28,41.2,746.6,16.740000000000002
172.4,13.6,172.4,156.8,4.1,1006.3,856.4,28,33.69,856.4,17.240000000000002
173.5,50.1,173.5,164.8,6.5,1006.2,793.5,28,38.2,793.5,17.35
167.0,75.4,167.0,164.0,7.9,1007.3,770.1,28,41.41,770.1,16.7
173.8,93.4,159.9,172.3,9.7,1007.2,746.6,28,37.81,746.6,17.380000000000003
190.3,0.0,125.2,166.6,9.9,539.5,798.9,28,24.85,798.9,19.03
250.0,0.0,95.7,191.8,5.3,948.9,857.2,28,27.22,857.2,25.0
213.5,0.0,174.2,159.2,11.7,1043.6,771.9,28,44.64,771.9,21.35
194.7,0.0,100.5,170.2,7.5,998.0,901.8,28,37.27,901.8,19.47
251.4,0.0,118.3,192.9,5.8,1043.6,754.3,28,33.27,754.3,25.14
165.0,0.0,143.6,163.8,0.0,1005.6,900.9,56,36.56,900.9,16.5
165.0,128.5,132.1,175.1,8.1,1005.8,746.6,56,53.72,746.6,16.5
178.0,129.8,118.6,179.9,3.6,1007.3,746.8,56,48.59,746.8,17.8
167.4,129.9,128.6,175.5,7.8,1006.3,746.6,56,51.72,746.6,16.740000000000002
172.4,13.6,172.4,156.8,4.1,1006.3,856.4,56,35.85,856.4,17.240000000000002
173.5,50.1,173.5,164.8,6.5,1006.2,793.5,56,53.77,793.5,17.35
167.0,75.4,167.0,164.0,7.9,1007.3,770.1,56,53.46,770.1,16.7
173.8,93.4,159.9,172.3,9.7,1007.2,746.6,56,48.99,746.6,17.380000000000003
190.3,0.0,125.2,166.6,9.9,1079.0,798.9,56,31.72,798.9,19.03
250.0,0.0,95.7,191.8,5.3,948.9,857.2,56,39.64,857.2,25.0
213.5,0.0,174.2,159.2,11.7,1043.6,771.9,56,51.26,771.9,21.35
194.7,0.0,100.5,170.2,7.5,998.0,901.8,56,43.39,901.8,19.47
251.4,0.0,118.3,192.9,5.8,1043.6,754.3,56,39.27,754.3,25.14
165.0,0.0,143.6,163.8,0.0,1005.6,900.9,100,37.96,900.9,16.5
165.0,128.5,132.1,175.1,8.1,1005.8,746.6,100,55.02,746.6,16.5
178.0,129.8,118.6,179.9,3.6,1007.3,746.8,100,49.99,746.8,17.8
167.4,129.9,128.6,,7.8,1006.3,746.6,100,53.66,746.6,16.740000000000002
172.4,13.6,172.4,156.8,4.1,1006.3,856.4,100,37.68,856.4,17.240000000000002
173.5,50.1,173.5,164.8,6.5,1006.2,793.5,100,56.06,793.5,17.35
167.0,75.4,167.0,164.0,7.9,1007.3,770.1,100,56.81,770.1,16.7
173.8,93.4,159.9,172.3,9.7,1007.2,746.6,100,50.94,746.6,17.380000000000003
190.3,0.0,125.2,,,1079.0,798.9,100,33.56,798.9,19.03
250.0,0.0,95.7,191.8,5.3,948.9,857.2,100,41.16,857.2,25.0
213.5,0.0,174.2,159.2,11.7,1043.6,771.9,100,52.96,771.9,21.35
194.7,0.0,100.5,170.2,7.5,998.0,901.8,100,44.28,901.8,19.47
251.4,0.0,118.3,192.9,5.8,1043.6,754.3,100,40.15,754.3,25.14
446.0,24.0,79.0,162.0,,967.0,712.0,28,57.03,712.0,44.6
446.0,24.0,79.0,162.0,11.6,967.0,712.0,28,44.42,712.0,44.6
446.0,24.0,79.0,162.0,11.6,967.0,712.0,28,51.02,712.0,44.6
446.0,24.0,79.0,162.0,10.3,967.0,712.0,28,53.39,712.0,44.6
446.0,24.0,79.0,162.0,11.6,967.0,712.0,3,35.36,712.0,44.6
446.0,24.0,79.0,162.0,11.6,967.0,712.0,3,25.02,712.0,44.6
446.0,24.0,79.0,162.0,,967.0,712.0,3,23.35,712.0,44.6
446.0,24.0,79.0,162.0,11.6,967.0,712.0,-1,52.01,712.0,44.6
446.0,24.0,79.0,162.0,11.6,967.0,712.0,7,38.02,712.0,44.6
446.0,24.0,79.0,162.0,11.6,967.0,712.0,7,39.3,712.0,44.6
446.0,24.0,79.0,162.0,11.6,967.0,712.0,56,61.07,712.0,44.6
446.0,24.0,79.0,162.0,11.6,967.0,712.0,56,56.14,712.0,44.6
446.0,24.0,79.0,162.0,11.6,967.0,712.0,56,55.25,712.0,44.6
446.0,24.0,79.0,162.0,10.3,967.0,712.0,56,54.77,712.0,44.6
387.0,20.0,94.0,157.0,14.3,938.0,845.0,28,50.24,845.0,38.7
387.0,20.0,94.0,157.0,13.9,938.0,845.0,28,46.68,845.0,38.7
387.0,20.0,94.0,157.0,11.6,938.0,845.0,28,46.68,845.0,38.7
387.0,1078.1999999999998,94.0,157.0,14.3,938.0,845.0,3,22.75,845.0,38.7
387.0,20.0,94.0,157.0,13.9,938.0,845.0,3,25.51,845.0,38.7
387.0,20.0,94.0,,11.6,938.0,845.0,3,34.77,845.0,38.7
387.0,20.0,94.0,157.0,14.3,938.0,845.0,7,36.84,845.0,38.7
387.0,20.0,94.0,157.0,13.9,938.0,845.0,7,45.9,845.0,38.7
387.0,20.0,94.0,157.0,11.6,938.0,845.0,7,41.67,845.0,38.7
387.0,20.0,94.0,157.0,14.3,938.0,845.0,56,56.34,845.0,38.7
387.0,20.0,94.0,157.0,,1407.0,845.0,56,47.97,845.0,38.7
387.0,20.0,94.0,157.0,11.6,938.0,845.0,56,61.46,845.0,38.7
355.0,19.0,97.0,145.0,13.1,967.0,871.0,28,44.03,871.0,35.5
355.0,19.0,97.0,145.0,12.3,967.0,871.0,28,55.45,871.0,35.5
491.0,26.0,123.0,210.0,3.9,882.0,699.0,-1,55.55,699.0,49.1
491.0,26.0,123.0,201.0,3.9,822.0,699.0,28,57.92,699.0,49.1
491.0,26.0,123.0,210.0,3.9,882.0,699.0,3,25.61,699.0,49.1
491.0,26.0,123.0,210.0,3.9,882.0,699.0,7,33.49,699.0,49.1
491.0,26.0,123.0,210.0,3.9,882.0,699.0,56,59.59,699.0,49.1
491.0,26.0,123.0,201.0,3.9,822.0,699.0,3,29.55,699.0,49.1
491.0,26.0,123.0,201.0,3.9,822.0,699.0,7,37.92,699.0,49.1
491.0,26.0,123.0,201.0,3.9,822.0,699.0,56,61.86,699.0,49.1
424.0,22.0,132.0,178.0,8.5,822.0,750.0,28,62.05,750.0,42.4
424.0,22.0,132.0,178.0,8.5,882.0,750.0,3,32.01,750.0,42.4
424.0,22.0,132.0,168.0,8.9,822.0,750.0,28,72.1,750.0,42.4
424.0,22.0,132.0,178.0,8.5,822.0,750.0,7,39.0,750.0,42.4
424.0,22.0,132.0,178.0,8.5,822.0,750.0,56,65.7,750.0,42.4
424.0,22.0,132.0,168.0,8.9,822.0,750.0,3,32.11,750.0,42.4
424.0,22.0,132.0,168.0,8.9,822.0,750.0,7,40.29,750.0,42.4
424.0,22.0,132.0,168.0,8.9,822.0,750.0,56,74.36,750.0,42.4
202.0,11.0,141.0,206.0,1.7,942.0,801.0,28,21.97,801.0,20.2
202.0,11.0,141.0,206.0,1.7,942.0,801.0,3,9.85,801.0,20.2
202.0,11.0,141.0,206.0,1.7,942.0,801.0,7,15.07,801.0,20.2
202.0,11.0,141.0,206.0,1.7,942.0,801.0,56,23.25,801.0,20.2
284.0,15.0,141.0,179.0,5.5,842.0,801.0,28,43.73,801.0,28.4
284.0,15.0,141.0,179.0,5.5,842.0,801.0,3,,801.0,28.4
284.0,15.0,141.0,179.0,5.5,842.0,801.0,7,24.13,801.0,28.4
284.0,15.0,141.0,179.0,5.5,842.0,801.0,56,44.52,801.0,28.4
359.0,19.0,141.0,154.0,10.9,942.0,801.0,28,62.94,801.0,35.9
359.0,19.0,141.0,154.0,10.9,942.0,801.0,28,59.49,801.0,35.9
359.0,19.0,141.0,154.0,10.9,942.0,801.0,3,25.12,801.0,35.9
359.0,19.0,141.0,154.0,10.9,942.0,801.0,3,23.64,801.0,35.9
359.0,19.0,141.0,154.0,10.9,942.0,801.0,7,35.75,801.0,35.9
359.0,19.0,141.0,154.0,10.9,942.0,801.0,7,38.61,801.0,35.9
359.0,19.0,141.0,154.0,10.9,942.0,801.0,56,68.75,801.0,35.9
359.0,19.0,141.0,154.0,10.9,942.0,801.0,56,66.78,801.0,35.9
436.0,0.0,0.0,218.0,0.0,838.4,719.7,28,23.85,719.7,43.6
289.0,0.0,0.0,192.0,0.0,913.2,895.3,90,32.07,895.3,28.9
289.0,0.0,0.0,192.0,0.0,913.2,895.3,3,11.65,895.3,28.9
393.0,0.0,0.0,192.0,0.0,940.6,785.6,3,19.2,785.6,39.3
393.0,0.0,0.0,192.0,0.0,940.6,785.6,90,48.85,785.6,39.3
393.0,0.0,0.0,192.0,0.0,940.6,785.6,28,39.6,785.6,39.3
480.0,0.0,0.0,192.0,0.0,936.2,712.2,28,43.94,712.2,48.0
480.0,0.0,0.0,192.0,0.0,936.2,712.2,7,34.57,712.2,48.0
480.0,0.0,0.0,192.0,0.0,936.2,712.2,90,54.32,712.2,48.0
480.0,0.0,0.0,192.0,0.0,936.2,712.2,3,24.4,712.2,48.0
333.0,0.0,0.0,192.0,0.0,931.2,842.6,3,,842.6,33.3
255.0,0.0,0.0,192.0,0.0,889.8,945.0,90,21.86,945.0,25.5
255.0,0.0,0.0,192.0,0.0,889.8,945.0,7,10.22,945.0,25.5
289.0,0.0,0.0,192.0,0.0,913.2,895.3,7,14.6,895.3,28.9
255.0,0.0,0.0,192.0,0.0,889.8,945.0,28,18.75,945.0,25.5
333.0,0.0,0.0,192.0,0.0,931.2,842.6,28,31.97,842.6,33.3
333.0,0.0,0.0,192.0,0.0,931.2,842.6,7,23.4,842.6,33.3
289.0,0.0,0.0,192.0,,913.2,895.3,28,25.57,895.3,28.9
333.0,0.0,0.0,192.0,0.0,931.2,842.6,90,41.68,842.6,33.3
393.0,0.0,0.0,192.0,0.0,940.6,785.6,7,27.74,785.6,39.3
255.0,0.0,0.0,192.0,0.0,889.8,945.0,3,8.2,945.0,25.5
158.8,238.2,0.0,185.7,0.0,1040.6,734.3,7,9.62,734.3,15.88
239.6,359.4,0.0,185.7,0.0,941.6,664.3,7,25.42,664.3,23.96
238.2,158.8,0.0,185.7,0.0,1040.6,734.3,7,15.69,734.3,23.82
181.9,272.8,0.0,185.7,0.0,1012.4,714.3,28,27.94,714.3,18.19
193.5,290.2,0.0,185.7,0.0,998.2,704.3,28,32.63,704.3,19.35
255.5,170.3,0.0,185.7,0.0,1026.6,724.3,7,17.24,724.3,25.55
272.8,181.9,0.0,185.7,0.0,1012.4,714.3,7,19.77,714.3,27.28
239.6,359.4,0.0,,0.0,941.6,664.3,28,39.44,664.3,23.96
220.8,147.2,0.0,185.7,0.0,1055.0,744.3,28,25.75,744.3,22.080000000000002
397.0,0.0,0.0,185.7,0.0,1040.6,734.3,28,33.08,734.3,39.7
382.5,0.0,0.0,185.7,0.0,1047.8,739.3,7,24.07,739.3,38.25
210.7,316.1,0.0,185.7,0.0,977.0,689.3,7,21.82,689.3,21.07
158.8,238.2,0.0,185.7,0.0,1040.6,734.3,28,21.07,734.3,15.88
295.8,0.0,0.0,185.7,0.0,1091.4,769.3,7,14.84,769.3,29.580000000000002
255.5,170.3,0.0,185.7,0.0,1026.6,724.3,28,32.05,724.3,25.55
203.5,135.7,0.0,185.7,0.0,1076.2,759.3,7,11.96,759.3,20.35
397.0,0.0,0.0,185.7,0.0,1040.6,734.3,7,25.45,734.3,39.7
381.4,0.0,0.0,185.7,,1104.6,784.3,28,22.49,784.3,38.14
295.8,0.0,0.0,185.7,0.0,1091.4,769.3,28,25.22,769.3,29.580000000000002
228.0,342.1,0.0,185.7,0.0,955.8,674.3,28,39.7,674.3,22.8
220.8,147.2,0.0,185.7,0.0,1055.0,744.3,7,13.09,744.3,22.080000000000002
316.1,210.7,0.0,185.7,0.0,977.0,689.3,28,38.7,689.3,31.610000000000003
135.7,203.5,0.0,185.7,0.0,1076.2,759.3,7,7.51,759.3,13.569999999999999
238.1,0.0,0.0,185.7,0.0,1118.8,789.3,28,17.58,789.3,23.81
339.2,0.0,0.0,185.7,0.0,1069.2,754.3,7,21.18,754.3,33.92
135.7,203.5,0.0,185.7,0.0,1076.2,759.3,28,18.2,759.3,13.569999999999999
193.5,290.2,0.0,,0.0,998.2,704.3,7,17.2,704.3,19.35
203.5,135.7,0.0,185.7,0.0,1076.2,759.3,28,22.63,759.3,20.35
290.2,193.5,0.0,185.7,0.0,998.2,704.3,7,21.86,704.3,29.02
181.9,272.8,0.0,185.7,0.0,1012.4,714.3,7,12.37,714.3,18.19
170.3,155.5,0.0,185.7,0.0,1026.6,724.3,28,25.73,724.3,17.03
210.7,316.1,0.0,185.7,,977.0,689.3,28,37.81,689.3,21.07
228.0,342.1,0.0,185.7,0.0,955.8,674.3,7,21.92,674.3,22.8
290.2,193.5,0.0,185.7,0.0,998.2,704.3,28,33.04,704.3,29.02
381.4,0.0,0.0,185.7,0.0,1104.6,784.3,7,14.54,784.3,38.14
238.2,158.8,0.0,185.7,0.0,1040.6,734.3,28,26.91,734.3,23.82
186.2,124.1,0.0,185.7,0.0,1083.4,764.3,7,8.0,764.3,18.619999999999997
339.2,0.0,0.0,185.7,0.0,1069.2,754.3,28,31.9,754.3,33.92
238.1,0.0,0.0,185.7,0.0,1118.8,789.3,7,10.34,789.3,23.81
252.5,0.0,0.0,185.7,0.0,1111.6,784.3,28,19.77,784.3,25.25
382.5,0.0,0.0,185.7,0.0,1047.8,739.3,28,37.44,739.3,38.25
252.5,0.0,0.0,185.7,0.0,1111.6,784.3,7,11.48,784.3,25.25
316.1,210.7,0.0,185.7,0.0,977.0,689.3,7,24.44,689.3,31.610000000000003
186.2,124.1,0.0,185.7,0.0,1083.4,764.3,28,17.6,764.3,18.619999999999997
170.3,155.5,0.0,185.7,,1026.6,724.3,7,10.73,724.3,17.03
272.8,181.9,0.0,185.7,0.0,1012.4,714.3,28,31.38,714.3,27.28
339.0,0.0,0.0,197.0,0.0,968.0,781.0,3,13.22,781.0,33.9
339.0,0.0,0.0,197.0,0.0,968.0,781.0,7,20.97,781.0,33.9
339.0,0.0,0.0,197.0,0.0,968.0,781.0,14,27.04,781.0,33.9
339.0,0.0,0.0,197.0,0.0,968.0,781.0,28,32.04,781.0,33.9
339.0,0.0,0.0,197.0,0.0,968.0,781.0,90,35.17,781.0,33.9
339.0,0.0,0.0,197.0,0.0,968.0,781.0,180,36.45,781.0,33.9
339.0,0.0,0.0,197.0,0.0,968.0,781.0,365,38.89,781.0,33.9
236.0,0.0,0.0,194.0,0.0,968.0,885.0,3,6.47,885.0,23.6
236.0,0.0,0.0,194.0,0.0,968.0,885.0,14,12.84,885.0,23.6
236.0,0.0,0.0,194.0,0.0,968.0,885.0,28,18.42,885.0,23.6
236.0,0.0,0.0,194.0,0.0,968.0,885.0,90,21.95,885.0,23.6
236.0,0.0,0.0,193.0,0.0,968.0,885.0,180,24.1,885.0,23.6
236.0,0.0,0.0,193.0,0.0,968.0,885.0,365,25.08,885.0,23.6
277.0,0.0,0.0,191.0,0.0,968.0,856.0,14,21.26,856.0,27.7
277.0,0.0,0.0,191.0,0.0,968.0,856.0,28,25.97,856.0,27.7
277.0,0.0,0.0,191.0,0.0,968.0,856.0,3,11.36,856.0,27.7
277.0,0.0,0.0,191.0,0.0,968.0,856.0,90,31.25,856.0,27.7
277.0,0.0,0.0,191.0,0.0,968.0,856.0,180,32.33,856.0,27.7
277.0,0.0,0.0,191.0,0.0,968.0,856.0,360,33.7,856.0,27.7
254.0,0.0,0.0,198.0,,968.0,863.0,3,9.31,863.0,25.4
254.0,0.0,0.0,198.0,0.0,968.0,863.0,90,26.94,863.0,25.4
254.0,0.0,0.0,198.0,0.0,968.0,863.0,180,27.63,863.0,25.4
254.0,0.0,0.0,198.0,0.0,968.0,863.0,365,29.79,863.0,25.4
307.0,0.0,0.0,193.0,0.0,968.0,812.0,180,34.49,812.0,30.7
307.0,0.0,0.0,193.0,0.0,968.0,812.0,365,36.15,812.0,30.7
307.0,0.0,0.0,193.0,0.0,968.0,812.0,3,12.54,812.0,30.7
307.0,0.0,0.0,193.0,0.0,968.0,812.0,28,27.53,812.0,30.7
307.0,0.0,0.0,193.0,0.0,968.0,812.0,90,32.92,812.0,30.7
236.0,1078.1999999999998,0.0,193.0,0.0,968.0,885.0,7,9.99,885.0,23.6
200.0,0.0,0.0,180.0,0.0,1125.0,845.0,7,7.84,845.0,20.0
200.0,0.0,0.0,180.0,0.0,1125.0,845.0,28,12.25,845.0,20.0
225.0,0.0,0.0,181.0,0.0,1113.0,833.0,7,11.17,833.0,22.5
225.0,0.0,0.0,181.0,0.0,1113.0,833.0,28,17.34,833.0,22.5
325.0,0.0,0.0,184.0,0.0,1063.0,783.0,7,17.54,783.0,32.5
325.0,0.0,0.0,184.0,0.0,1063.0,783.0,28,30.57,783.0,32.5
275.0,0.0,0.0,183.0,0.0,1088.0,808.0,7,14.2,808.0,27.5
275.0,1078.1999999999998,0.0,183.0,0.0,1088.0,808.0,28,24.5,808.0,27.5
300.0,0.0,0.0,184.0,0.0,1075.0,795.0,-1,15.58,795.0,30.0
300.0,0.0,0.0,184.0,0.0,1075.0,795.0,28,26.85,795.0,30.0
375.0,0.0,0.0,,0.0,1038.0,758.0,7,26.06,758.0,37.5
375.0,0.0,0.0,186.0,0.0,1038.0,758.0,28,38.21,758.0,37.5
400.0,0.0,0.0,187.0,0.0,1025.0,745.0,28,43.7,745.0,40.0
400.0,0.0,0.0,187.0,0.0,1025.0,745.0,-1,30.14,745.0,40.0
250.0,0.0,0.0,182.0,0.0,1100.0,820.0,7,12.73,820.0,25.0
250.0,0.0,0.0,182.0,0.0,1100.0,820.0,28,20.87,820.0,25.0
350.0,0.0,0.0,186.0,0.0,1050.0,770.0,7,20.28,770.0,35.0
350.0,0.0,0.0,186.0,0.0,1050.0,770.0,28,34.29,770.0,35.0
203.5,305.3,0.0,203.5,0.0,963.4,630.0,7,19.54,630.0,20.35
250.2,166.8,0.0,203.5,0.0,977.6,694.1,90,47.71,694.1,25.02
157.0,236.0,0.0,192.0,,935.4,781.2,90,43.38,781.2,15.7
141.3,212.0,0.0,203.5,0.0,971.8,748.5,28,29.89,748.5,14.13
166.8,250.2,0.0,203.5,0.0,975.6,692.6,3,6.9,692.6,16.68
122.6,1078.1999999999998,0.0,203.5,0.0,958.2,800.1,90,33.19,800.1,12.26
183.9,122.6,0.0,203.5,0.0,959.2,800.0,3,4.9,800.0,18.39
102.0,153.0,0.0,192.0,0.0,887.0,942.0,3,4.57,942.0,10.2
102.0,153.0,0.0,192.0,0.0,887.0,942.0,90,25.46,942.0,10.2
122.6,183.9,0.0,203.5,0.0,958.2,800.1,-1,24.29,800.1,12.26
166.8,250.2,0.0,203.5,0.0,975.6,692.6,28,33.95,692.6,16.68
200.0,133.0,0.0,192.0,0.0,965.4,806.2,3,11.41,806.2,20.0
108.3,162.4,0.0,203.5,0.0,938.2,849.0,28,20.59,849.0,10.83
305.3,203.5,0.0,203.5,0.0,965.4,631.0,7,25.89,631.0,30.53
108.3,162.4,0.0,203.5,0.0,938.2,849.0,90,29.23,849.0,10.83
116.0,173.0,0.0,192.0,,909.8,891.9,90,31.02,891.9,11.6
141.3,212.0,0.0,203.5,0.0,971.8,748.5,7,10.39,748.5,14.13
157.0,236.0,0.0,192.0,0.0,935.4,781.2,28,33.66,781.2,15.7
133.0,200.0,0.0,192.0,0.0,927.4,839.2,28,27.87,839.2,13.3
250.2,166.8,0.0,203.5,0.0,977.6,694.1,7,19.35,694.1,25.02
173.0,116.0,0.0,192.0,0.0,946.8,856.8,7,11.39,856.8,17.3
192.0,288.0,0.0,192.0,0.0,929.8,716.1,3,12.79,716.1,19.2
192.0,1078.1999999999998,0.0,192.0,0.0,929.8,716.1,28,39.32,716.1,19.2
153.0,102.0,0.0,192.0,0.0,888.0,943.1,3,4.78,943.1,15.3
288.0,192.0,0.0,192.0,0.0,932.0,717.8,3,16.11,717.8,28.8
305.3,1078.1999999999998,0.0,203.5,0.0,965.4,631.0,28,43.38,631.0,30.53
236.0,157.0,0.0,192.0,0.0,972.6,749.1,7,20.42,749.1,23.6
173.0,116.0,0.0,192.0,0.0,946.8,856.8,3,6.94,856.8,17.3
212.0,1078.1999999999998,0.0,203.5,0.0,973.4,750.0,7,15.03,750.0,21.2
236.0,157.0,0.0,192.0,0.0,972.6,749.1,3,13.57,749.1,23.6
183.9,122.6,0.0,203.5,0.0,959.2,800.0,90,32.53,800.0,18.39
166.8,250.2,0.0,203.5,0.0,975.6,692.6,7,15.75,692.6,16.68
102.0,153.0,0.0,192.0,0.0,887.0,942.0,7,7.68,942.0,10.2
288.0,192.0,0.0,192.0,0.0,932.0,717.8,28,38.8,717.8,28.8
212.0,141.3,0.0,203.5,0.0,973.4,750.0,28,33.0,750.0,21.2
102.0,153.0,0.0,192.0,0.0,887.0,942.0,28,17.28,942.0,10.2
173.0,116.0,0.0,192.0,0.0,946.8,856.8,28,24.28,856.8,17.3
183.9,122.6,0.0,,0.0,959.2,800.0,28,24.05,800.0,18.39
133.0,200.0,0.0,192.0,0.0,927.4,839.2,90,36.59,839.2,13.3
192.0,288.0,0.0,192.0,0.0,929.8,716.1,90,50.73,716.1,19.2
133.0,200.0,0.0,192.0,0.0,927.4,839.2,7,13.66,839.2,13.3
305.3,203.5,0.0,203.5,,965.4,631.0,3,14.14,631.0,30.53
236.0,157.0,0.0,192.0,0.0,972.6,749.1,90,47.78,749.1,23.6
108.3,162.4,0.0,203.5,0.0,938.2,849.0,3,2.33,849.0,10.83
157.0,236.0,0.0,192.0,0.0,935.4,781.2,7,16.89,781.2,15.7
288.0,192.0,0.0,192.0,0.0,932.0,717.8,7,23.52,717.8,28.8
212.0,141.3,0.0,203.5,0.0,973.4,750.0,3,6.81,750.0,21.2
212.0,141.3,0.0,203.5,0.0,973.4,750.0,90,39.7,750.0,21.2
153.0,102.0,0.0,192.0,0.0,888.0,943.1,28,17.96,943.1,15.3
236.0,157.0,0.0,192.0,0.0,972.6,749.1,28,32.88,749.1,23.6
116.0,173.0,0.0,192.0,0.0,909.8,891.9,28,22.35,891.9,11.6
183.9,122.6,0.0,203.5,0.0,959.2,800.0,7,10.79,800.0,18.39
108.3,162.4,0.0,203.5,0.0,938.2,849.0,7,7.72,849.0,10.83
203.5,305.3,0.0,203.5,0.0,963.4,630.0,28,41.68,630.0,20.35
203.5,305.3,0.0,203.5,0.0,963.4,630.0,3,9.56,630.0,20.35
133.0,200.0,0.0,192.0,0.0,927.4,839.2,3,6.88,839.2,13.3
288.0,192.0,0.0,192.0,,932.0,717.8,90,50.53,717.8,28.8
200.0,133.0,0.0,192.0,0.0,965.4,806.2,7,17.17,806.2,20.0
200.0,133.0,0.0,192.0,0.0,965.4,806.2,-1,30.44,806.2,20.0
250.2,166.8,0.0,203.5,0.0,977.6,694.1,3,9.73,694.1,25.02
122.6,183.9,0.0,203.5,0.0,958.2,800.1,3,3.32,800.1,12.26
153.0,102.0,0.0,192.0,0.0,888.0,943.1,90,26.32,943.1,15.3
200.0,133.0,0.0,192.0,0.0,965.4,806.2,90,43.25,806.2,20.0
116.0,173.0,0.0,192.0,0.0,909.8,891.9,3,6.28,891.9,11.6
173.0,116.0,0.0,192.0,0.0,946.8,856.8,90,32.1,856.8,17.3
250.2,166.8,0.0,203.5,0.0,977.6,694.1,28,36.96,694.1,25.02
305.3,203.5,0.0,203.5,0.0,965.4,631.0,90,54.6,631.0,30.53
192.0,288.0,0.0,192.0,0.0,1394.6999999999998,716.1,7,21.48,716.1,19.2
157.0,236.0,0.0,192.0,0.0,935.4,781.2,3,9.69,781.2,15.7
153.0,102.0,0.0,192.0,0.0,888.0,943.1,7,8.37,943.1,15.3
141.3,212.0,0.0,203.5,0.0,971.8,748.5,90,39.66,748.5,14.13
116.0,173.0,0.0,192.0,0.0,909.8,891.9,7,,891.9,11.6
141.3,212.0,0.0,203.5,0.0,971.8,748.5,3,4.83,748.5,14.13
122.6,183.9,0.0,203.5,0.0,958.2,800.1,7,10.35,800.1,12.26
166.8,250.2,0.0,203.5,0.0,975.6,692.6,90,43.57,692.6,16.68
203.5,305.3,0.0,203.5,0.0,963.4,630.0,90,51.86,630.0,20.35
310.0,0.0,0.0,192.0,0.0,1012.0,830.0,3,11.85,830.0,31.0
310.0,0.0,0.0,192.0,0.0,1012.0,830.0,7,17.24,830.0,31.0
310.0,0.0,0.0,192.0,0.0,1012.0,830.0,28,27.83,830.0,31.0
310.0,0.0,0.0,192.0,0.0,1012.0,830.0,90,35.76,830.0,31.0
310.0,0.0,0.0,192.0,0.0,1012.0,830.0,120,38.7,830.0,31.0
331.0,0.0,0.0,192.0,0.0,1025.0,821.0,3,14.31,821.0,33.1
331.0,0.0,0.0,192.0,0.0,1025.0,821.0,7,17.44,821.0,33.1
331.0,0.0,0.0,192.0,0.0,1025.0,821.0,28,31.74,821.0,33.1
331.0,0.0,0.0,192.0,0.0,1025.0,821.0,90,37.91,821.0,33.1
331.0,0.0,0.0,192.0,0.0,1025.0,821.0,120,39.38,821.0,33.1
349.0,0.0,0.0,192.0,0.0,1056.0,809.0,3,15.87,809.0,34.9
349.0,0.0,0.0,192.0,0.0,1056.0,809.0,7,9.01,809.0,34.9
349.0,0.0,0.0,192.0,0.0,1056.0,809.0,28,33.61,809.0,34.9
349.0,0.0,0.0,192.0,0.0,1056.0,809.0,90,40.66,809.0,34.9
349.0,0.0,0.0,192.0,0.0,1056.0,809.0,120,40.86,809.0,34.9
238.0,0.0,0.0,186.0,0.0,1119.0,789.0,7,12.05,789.0,23.8
238.0,0.0,0.0,186.0,0.0,1119.0,789.0,28,17.54,789.0,23.8
296.0,0.0,0.0,186.0,0.0,1090.0,769.0,-1,18.91,769.0,29.6
296.0,0.0,0.0,186.0,0.0,1090.0,769.0,28,25.18,769.0,29.6
297.0,0.0,0.0,186.0,0.0,1040.0,734.0,7,30.96,734.0,29.7
480.0,0.0,0.0,192.0,0.0,936.0,721.0,28,43.89,721.0,48.0
480.0,0.0,0.0,192.0,0.0,936.0,721.0,90,54.28,721.0,48.0
397.0,0.0,0.0,186.0,,1040.0,734.0,28,36.94,734.0,39.7
281.0,0.0,0.0,186.0,0.0,1104.0,774.0,7,14.5,774.0,28.1
281.0,0.0,0.0,185.0,0.0,1104.0,774.0,28,22.44,774.0,28.1
500.0,1078.1999999999998,0.0,200.0,0.0,1125.0,613.0,1,12.64,613.0,50.0
500.0,0.0,0.0,200.0,0.0,1125.0,613.0,3,26.06,613.0,50.0
500.0,0.0,0.0,200.0,0.0,1125.0,613.0,7,33.21,613.0,50.0
500.0,0.0,0.0,200.0,0.0,1125.0,613.0,14,36.94,613.0,50.0
500.0,0.0,0.0,200.0,0.0,1125.0,613.0,28,44.09,613.0,50.0
540.0,0.0,0.0,173.0,0.0,1687.5,613.0,7,52.61,613.0,54.0
540.0,0.0,0.0,173.0,0.0,1125.0,613.0,14,59.76,613.0,54.0
540.0,0.0,0.0,173.0,0.0,1125.0,613.0,28,67.31,613.0,54.0
540.0,0.0,0.0,173.0,0.0,1125.0,613.0,90,69.66,613.0,54.0
540.0,0.0,0.0,173.0,0.0,1125.0,613.0,180,71.62,613.0,54.0
540.0,0.0,0.0,173.0,0.0,1125.0,613.0,270,74.17,613.0,54.0
350.0,0.0,0.0,203.0,0.0,974.0,775.0,7,18.13,775.0,35.0
350.0,0.0,0.0,203.0,0.0,974.0,775.0,14,22.53,775.0,35.0
350.0,0.0,0.0,203.0,0.0,974.0,775.0,28,27.34,775.0,35.0
350.0,0.0,0.0,203.0,0.0,974.0,775.0,56,29.98,775.0,35.0
350.0,0.0,0.0,203.0,0.0,974.0,775.0,90,31.35,775.0,35.0
350.0,0.0,0.0,203.0,0.0,974.0,775.0,180,32.72,775.0,35.0
385.0,0.0,0.0,186.0,0.0,966.0,763.0,1,6.27,763.0,38.5
385.0,0.0,0.0,186.0,,966.0,763.0,3,14.7,763.0,38.5
385.0,0.0,0.0,186.0,0.0,966.0,763.0,7,23.22,763.0,38.5
385.0,0.0,0.0,186.0,0.0,966.0,763.0,14,27.92,763.0,38.5
385.0,0.0,0.0,186.0,0.0,966.0,763.0,28,31.35,763.0,38.5
331.0,0.0,0.0,192.0,0.0,978.0,825.0,180,39.0,825.0,33.1
331.0,0.0,0.0,192.0,,978.0,825.0,360,41.24,825.0,33.1
349.0,0.0,0.0,192.0,0.0,1047.0,806.0,3,14.99,806.0,34.9
331.0,0.0,0.0,192.0,0.0,978.0,825.0,3,13.52,825.0,33.1
382.0,0.0,0.0,186.0,0.0,523.5,739.0,7,24.0,739.0,38.2
382.0,0.0,0.0,186.0,0.0,1047.0,739.0,28,37.42,739.0,38.2
382.0,0.0,0.0,186.0,0.0,1111.0,784.0,7,11.47,784.0,38.2
281.0,0.0,0.0,186.0,0.0,1104.0,774.0,28,22.44,774.0,28.1
339.0,0.0,0.0,185.0,0.0,1069.0,754.0,7,21.16,754.0,33.9
339.0,0.0,0.0,185.0,0.0,1069.0,754.0,28,31.84,754.0,33.9
295.0,0.0,0.0,185.0,0.0,1069.0,769.0,7,14.8,769.0,29.5
295.0,0.0,0.0,185.0,0.0,1069.0,769.0,28,25.18,769.0,29.5
238.0,0.0,0.0,185.0,0.0,1118.0,789.0,28,17.54,789.0,23.8
296.0,0.0,0.0,192.0,0.0,1085.0,765.0,7,14.2,765.0,29.6
296.0,0.0,0.0,192.0,0.0,1085.0,765.0,28,21.65,765.0,29.6
296.0,0.0,0.0,192.0,0.0,1085.0,765.0,90,29.39,765.0,29.6
331.0,0.0,0.0,192.0,0.0,879.0,825.0,3,13.52,825.0,33.1
331.0,0.0,0.0,,0.0,978.0,825.0,7,16.26,825.0,33.1
331.0,0.0,0.0,192.0,0.0,978.0,825.0,-1,31.45,825.0,33.1
331.0,0.0,0.0,192.0,0.0,978.0,825.0,90,37.23,825.0,33.1
349.0,0.0,0.0,192.0,,1047.0,806.0,7,18.13,806.0,34.9
349.0,0.0,0.0,192.0,0.0,1047.0,806.0,28,32.72,806.0,34.9
349.0,0.0,0.0,192.0,0.0,1047.0,806.0,90,39.49,806.0,34.9
349.0,0.0,0.0,192.0,0.0,1047.0,806.0,180,41.05,806.0,34.9
349.0,0.0,0.0,192.0,0.0,1570.5,806.0,360,42.13,806.0,34.9
302.0,0.0,0.0,203.0,0.0,974.0,817.0,14,18.13,817.0,30.2
302.0,0.0,0.0,203.0,0.0,974.0,817.0,180,26.74,817.0,30.2
525.0,0.0,0.0,189.0,0.0,1125.0,613.0,180,61.92,613.0,52.5
500.0,0.0,0.0,200.0,,1125.0,613.0,90,47.22,613.0,50.0
500.0,0.0,0.0,200.0,,1125.0,613.0,-1,51.04,613.0,50.0
500.0,0.0,0.0,,0.0,1125.0,613.0,270,55.16,613.0,50.0
540.0,0.0,0.0,173.0,0.0,1125.0,613.0,3,41.64,613.0,54.0
252.0,0.0,0.0,185.0,0.0,1111.0,784.0,7,13.71,784.0,25.2
252.0,0.0,0.0,185.0,0.0,1111.0,784.0,28,19.69,784.0,25.2
339.0,0.0,0.0,185.0,0.0,1060.0,754.0,28,31.65,754.0,33.9
393.0,0.0,0.0,192.0,0.0,940.0,758.0,3,19.11,758.0,39.3
393.0,0.0,0.0,192.0,0.0,940.0,758.0,28,39.58,758.0,39.3
393.0,0.0,0.0,192.0,0.0,940.0,758.0,90,48.79,758.0,39.3
382.0,0.0,0.0,185.0,0.0,1047.0,739.0,7,24.0,739.0,38.2
382.0,0.0,0.0,185.0,0.0,1047.0,739.0,28,37.42,739.0,38.2
252.0,0.0,0.0,186.0,0.0,1111.0,784.0,7,11.47,784.0,25.2
252.0,0.0,0.0,185.0,,1111.0,784.0,28,19.69,784.0,25.2
310.0,0.0,0.0,192.0,0.0,970.0,850.0,7,14.99,850.0,31.0
310.0,0.0,0.0,192.0,0.0,970.0,850.0,28,27.92,850.0,31.0
310.0,0.0,0.0,192.0,0.0,970.0,850.0,90,34.68,850.0,31.0
310.0,0.0,0.0,192.0,0.0,970.0,850.0,180,37.33,850.0,31.0
310.0,0.0,0.0,192.0,0.0,970.0,850.0,360,38.11,850.0,31.0
525.0,0.0,0.0,189.0,0.0,1125.0,613.0,3,33.8,613.0,52.5
525.0,0.0,0.0,189.0,0.0,1125.0,613.0,7,42.42,613.0,52.5
525.0,0.0,0.0,189.0,,1125.0,613.0,14,48.4,613.0,52.5
525.0,0.0,0.0,189.0,0.0,1125.0,613.0,28,55.94,613.0,52.5
525.0,0.0,0.0,189.0,0.0,1125.0,613.0,90,58.78,613.0,52.5
525.0,0.0,0.0,189.0,0.0,1125.0,613.0,270,67.11,613.0,52.5
322.0,0.0,0.0,203.0,0.0,974.0,800.0,14,20.77,800.0,32.2
322.0,0.0,0.0,203.0,0.0,974.0,800.0,28,25.18,800.0,32.2
322.0,0.0,0.0,203.0,0.0,974.0,800.0,180,29.59,800.0,32.2
302.0,0.0,0.0,203.0,0.0,974.0,817.0,28,21.75,817.0,30.2
397.0,0.0,0.0,185.0,0.0,1040.0,734.0,28,39.09,734.0,39.7
480.0,0.0,0.0,192.0,0.0,936.0,721.0,3,24.39,721.0,48.0
522.0,0.0,0.0,146.0,0.0,896.0,896.0,7,50.51,896.0,52.2
522.0,0.0,0.0,146.0,0.0,896.0,896.0,28,74.99,896.0,52.2
273.0,105.0,82.0,210.0,9.0,904.0,680.0,28,37.17,680.0,27.3
162.0,190.0,148.0,179.0,19.0,838.0,741.0,28,33.76,741.0,16.2
154.0,144.0,112.0,220.0,,923.0,658.0,28,16.5,658.0,15.4
147.0,115.0,89.0,202.0,9.0,860.0,829.0,28,19.99,829.0,14.7
152.0,178.0,139.0,168.0,18.0,944.0,695.0,28,36.35,695.0,15.2
310.0,143.0,111.0,168.0,22.0,914.0,651.0,28,33.69,651.0,31.0
144.0,0.0,175.0,158.0,18.0,943.0,844.0,28,,844.0,14.4
304.0,140.0,0.0,214.0,6.0,895.0,722.0,28,33.42,722.0,30.4
374.0,0.0,0.0,190.0,7.0,506.5,730.0,28,39.05,730.0,37.4
159.0,149.0,116.0,175.0,15.0,953.0,720.0,28,27.68,720.0,15.9
153.0,239.0,0.0,200.0,6.0,1002.0,684.0,28,26.86,684.0,15.3
310.0,143.0,0.0,168.0,10.0,914.0,804.0,28,45.3,804.0,31.0
305.0,0.0,100.0,196.0,10.0,959.0,705.0,28,30.12,705.0,30.5
151.0,0.0,184.0,167.0,12.0,991.0,772.0,28,,772.0,15.1
142.0,167.0,130.0,174.0,11.0,883.0,785.0,28,44.61,785.0,14.2
298.0,137.0,107.0,201.0,,878.0,655.0,28,53.52,655.0,29.8
321.0,164.0,0.0,190.0,5.0,870.0,774.0,28,57.21,774.0,32.1
366.0,187.0,0.0,191.0,7.0,824.0,757.0,28,65.91,757.0,36.6
280.0,129.0,100.0,172.0,9.0,825.0,805.0,28,52.82,805.0,28.0
252.0,97.0,76.0,194.0,8.0,835.0,821.0,28,,821.0,25.2
165.0,0.0,150.0,182.0,12.0,1023.0,729.0,28,18.03,729.0,16.5
156.0,243.0,0.0,180.0,11.0,1022.0,698.0,28,37.36,698.0,15.6
160.0,188.0,146.0,203.0,11.0,829.0,710.0,28,32.84,710.0,16.0
298.0,0.0,107.0,186.0,6.0,879.0,815.0,28,42.64,815.0,29.8
318.0,0.0,126.0,,6.0,861.0,737.0,28,40.06,737.0,31.8
287.0,121.0,94.0,188.0,9.0,904.0,696.0,28,,696.0,28.7
326.0,166.0,0.0,174.0,,882.0,790.0,28,61.23,790.0,32.6
356.0,0.0,142.0,193.0,11.0,801.0,778.0,28,40.87,778.0,35.6
132.0,207.0,161.0,179.0,5.0,867.0,736.0,28,33.3,736.0,13.2
322.0,149.0,0.0,186.0,8.0,951.0,709.0,28,52.42,709.0,32.2
164.0,0.0,200.0,181.0,13.0,849.0,846.0,28,15.09,846.0,16.4
314.0,0.0,113.0,170.0,10.0,925.0,783.0,28,38.46,783.0,31.4
321.0,0.0,128.0,182.0,11.0,870.0,780.0,28,37.26,780.0,32.1
140.0,164.0,128.0,237.0,6.0,869.0,656.0,28,35.23,656.0,14.0
288.0,121.0,0.0,177.0,7.0,1362.0,829.0,28,42.13,829.0,28.8
298.0,0.0,107.0,210.0,11.0,880.0,744.0,28,31.87,744.0,29.8
265.0,111.0,86.0,195.0,6.0,833.0,790.0,28,41.54,790.0,26.5
160.0,250.0,0.0,168.0,12.0,1049.0,688.0,28,39.45,688.0,16.0
166.0,260.0,0.0,183.0,13.0,859.0,827.0,28,37.91,827.0,16.6
276.0,116.0,90.0,180.0,9.0,870.0,768.0,28,,768.0,27.6
322.0,0.0,116.0,196.0,10.0,818.0,813.0,28,31.18,813.0,32.2
149.0,139.0,109.0,193.0,6.0,892.0,780.0,28,23.69,780.0,14.9
159.0,1078.1999999999998,0.0,176.0,11.0,990.0,789.0,28,32.76,789.0,15.9
261.0,100.0,78.0,201.0,9.0,864.0,761.0,28,32.4,761.0,26.1
237.0,92.0,71.0,247.0,6.0,853.0,695.0,-1,28.63,695.0,23.7
313.0,0.0,113.0,178.0,8.0,1002.0,689.0,28,36.8,689.0,31.3
155.0,183.0,0.0,193.0,9.0,1047.0,697.0,28,18.28,697.0,15.5
146.0,230.0,0.0,202.0,3.0,827.0,872.0,28,33.06,872.0,14.6
296.0,1078.1999999999998,107.0,221.0,11.0,819.0,778.0,28,31.42,778.0,29.6
133.0,210.0,0.0,196.0,3.0,949.0,795.0,28,31.03,795.0,13.3
313.0,145.0,0.0,178.0,8.0,867.0,824.0,28,,824.0,31.3
152.0,0.0,112.0,184.0,8.0,992.0,816.0,28,12.18,816.0,15.2
153.0,145.0,113.0,178.0,8.0,1002.0,689.0,28,25.56,689.0,15.3
140.0,133.0,103.0,200.0,7.0,916.0,753.0,28,,753.0,14.0
149.0,236.0,0.0,176.0,13.0,847.0,893.0,28,32.96,893.0,14.9
300.0,0.0,120.0,212.0,10.0,878.0,728.0,28,23.84,728.0,30.0
153.0,145.0,113.0,178.0,8.0,867.0,824.0,28,26.23,824.0,15.3
148.0,0.0,137.0,158.0,16.0,1002.0,830.0,28,17.95,830.0,14.8
326.0,0.0,138.0,199.0,11.0,801.0,792.0,28,40.68,792.0,32.6
153.0,1078.1999999999998,0.0,178.0,8.0,1000.0,822.0,28,19.01,822.0,15.3
262.0,111.0,86.0,195.0,5.0,895.0,733.0,28,33.72,733.0,26.2
158.0,1078.1999999999998,195.0,220.0,11.0,898.0,713.0,28,8.54,713.0,15.8
151.0,0.0,185.0,167.0,16.0,1074.0,678.0,28,13.46,678.0,15.1
273.0,0.0,90.0,199.0,11.0,1396.5,762.0,28,32.24,762.0,27.3
149.0,118.0,92.0,183.0,7.0,953.0,780.0,28,23.52,780.0,14.9
143.0,169.0,143.0,191.0,8.0,967.0,643.0,28,29.72,643.0,14.3
260.0,101.0,78.0,171.0,10.0,936.0,763.0,28,49.77,763.0,26.0
313.0,161.0,0.0,178.0,10.0,458.5,759.0,28,52.44,759.0,31.3
284.0,120.0,0.0,168.0,7.0,485.0,794.0,28,40.93,794.0,28.4
336.0,0.0,0.0,182.0,3.0,986.0,817.0,28,44.86,817.0,33.6
145.0,0.0,134.0,,11.0,979.0,812.0,28,13.2,812.0,14.5
150.0,237.0,0.0,174.0,12.0,1069.0,675.0,28,37.43,675.0,15.0
144.0,170.0,133.0,192.0,8.0,814.0,805.0,28,29.87,805.0,14.4
331.0,170.0,0.0,195.0,8.0,811.0,802.0,28,56.61,802.0,33.1
155.0,0.0,143.0,193.0,9.0,1047.0,697.0,28,12.46,697.0,15.5
155.0,183.0,0.0,193.0,9.0,877.0,868.0,28,23.79,868.0,15.5
135.0,0.0,166.0,180.0,10.0,961.0,805.0,28,13.29,805.0,13.5
266.0,112.0,87.0,178.0,10.0,910.0,745.0,28,39.42,745.0,26.6
314.0,145.0,113.0,179.0,8.0,869.0,690.0,28,46.23,690.0,31.4
313.0,145.0,0.0,127.0,8.0,1000.0,822.0,28,44.52,822.0,31.3
146.0,173.0,0.0,,3.0,986.0,817.0,28,23.74,817.0,14.6
144.0,136.0,106.0,178.0,7.0,941.0,774.0,28,26.14,774.0,14.4
148.0,0.0,182.0,181.0,15.0,839.0,884.0,-1,15.52,884.0,14.8
277.0,117.0,91.0,,7.0,946.0,666.0,28,43.57,666.0,27.7
298.0,0.0,107.0,164.0,13.0,953.0,784.0,28,35.86,784.0,29.8
313.0,145.0,0.0,178.0,,1002.0,689.0,28,41.05,689.0,31.3
155.0,184.0,143.0,194.0,9.0,880.0,699.0,28,28.99,699.0,15.5
289.0,134.0,0.0,195.0,6.0,924.0,760.0,28,46.24,760.0,28.9
148.0,175.0,0.0,171.0,2.0,1000.0,828.0,28,26.92,828.0,14.8
145.0,0.0,179.0,202.0,8.0,824.0,869.0,28,10.54,869.0,14.5
313.0,0.0,0.0,178.0,8.0,1000.0,822.0,28,,822.0,31.3
136.0,162.0,126.0,172.0,10.0,923.0,764.0,28,29.07,764.0,13.6
155.0,0.0,143.0,193.0,9.0,877.0,868.0,28,,868.0,15.5
255.0,99.0,77.0,189.0,6.0,919.0,749.0,28,33.8,749.0,25.5
162.0,207.0,172.0,216.0,10.0,822.0,638.0,28,39.84,638.0,16.2
136.0,196.0,98.0,199.0,6.0,847.0,783.0,28,26.97,783.0,13.6
164.0,163.0,128.0,197.0,8.0,961.0,641.0,28,27.23,641.0,16.4
162.0,214.0,164.0,202.0,10.0,820.0,680.0,28,30.65,680.0,16.2
157.0,214.0,152.0,200.0,9.0,819.0,704.0,28,33.05,704.0,15.7
149.0,153.0,194.0,192.0,8.0,935.0,623.0,28,24.58,623.0,14.9
135.0,105.0,193.0,196.0,6.0,965.0,643.0,-1,21.91,643.0,13.5
159.0,209.0,161.0,201.0,7.0,848.0,669.0,28,30.88,669.0,15.9
144.0,15.0,195.0,176.0,6.0,1021.0,709.0,28,15.34,709.0,14.4
154.0,174.0,185.0,228.0,7.0,845.0,612.0,28,24.34,612.0,15.4
167.0,187.0,195.0,185.0,7.0,898.0,636.0,28,23.89,636.0,16.7
184.0,86.0,190.0,213.0,6.0,923.0,623.0,28,22.93,623.0,18.4
156.0,178.0,187.0,221.0,7.0,854.0,614.0,28,29.41,614.0,15.6
236.9,91.7,71.5,246.9,6.0,852.9,695.4,28,28.63,695.4,23.69
313.3,1078.1999999999998,113.0,178.5,8.0,1001.9,688.7,28,36.8,688.7,31.330000000000002
154.8,183.4,0.0,193.3,9.1,1047.4,696.7,28,18.29,696.7,15.48
145.9,230.5,0.0,202.5,3.4,827.0,871.8,28,32.72,871.8,14.59
296.0,0.0,106.7,221.4,10.5,819.2,778.4,28,31.42,778.4,29.6
133.1,210.2,0.0,195.7,3.1,949.4,795.3,28,28.94,795.3,13.309999999999999
313.3,145.0,0.0,178.5,8.0,867.2,824.0,28,40.93,824.0,31.330000000000002
151.6,0.0,111.9,184.4,,992.0,815.9,28,12.18,815.9,15.16
153.1,145.0,113.0,,,1001.9,688.7,28,25.56,688.7,15.309999999999999
139.9,132.6,103.3,200.3,7.4,916.0,753.4,28,36.44,753.4,13.99
149.5,236.0,0.0,175.8,12.6,846.8,892.7,28,32.96,892.7,14.95
299.8,0.0,119.8,211.5,9.9,878.2,727.6,28,23.84,727.6,29.98
153.1,145.0,113.0,178.5,8.0,867.2,824.0,28,26.23,824.0,15.309999999999999
148.1,0.0,136.6,158.1,16.1,1001.8,830.1,28,17.96,830.1,14.809999999999999
326.5,0.0,137.9,199.0,10.8,801.1,792.5,28,38.63,792.5,32.65
152.7,144.7,0.0,178.1,8.0,999.7,822.2,28,19.01,822.2,15.27
261.9,110.5,86.1,195.4,5.0,895.2,732.6,28,33.72,732.6,26.189999999999998
158.4,0.0,194.9,219.7,11.0,897.7,712.9,28,8.54,712.9,15.84
150.7,0.0,185.3,166.7,15.6,1074.5,678.0,28,13.46,678.0,15.069999999999999
272.6,0.0,89.6,198.7,10.6,931.3,762.2,28,32.25,762.2,27.26
149.0,117.6,91.7,182.9,7.1,953.4,780.3,28,23.52,780.3,14.9
143.0,169.4,142.7,190.7,,967.4,643.5,28,29.73,643.5,14.3
259.9,100.6,78.4,170.6,10.4,935.7,762.9,28,49.77,762.9,25.99
312.9,160.5,0.0,177.6,9.6,916.6,759.5,28,52.45,759.5,31.29
284.0,119.7,0.0,168.3,7.2,970.4,794.2,28,40.93,794.2,28.4
336.5,0.0,0.0,181.9,3.4,985.8,816.8,28,44.87,816.8,33.65
144.8,0.0,133.6,180.8,11.1,979.5,811.5,28,13.2,811.5,14.48
150.0,236.8,0.0,173.8,11.9,1069.3,674.8,28,37.43,674.8,15.0
143.7,170.2,132.6,191.6,8.5,814.1,805.3,28,29.87,805.3,14.37
330.5,169.6,0.0,194.9,8.1,811.0,802.3,28,56.62,802.3,33.05
154.8,0.0,142.8,193.3,9.1,1047.4,696.7,28,12.46,696.7,15.48
154.8,183.4,0.0,193.3,9.1,877.2,867.7,28,23.79,867.7,15.48
134.7,0.0,165.7,180.2,10.0,961.0,804.9,28,13.29,804.9,13.469999999999999
266.2,112.3,87.5,,10.4,909.7,744.5,28,39.42,744.5,26.619999999999997
314.0,145.3,113.2,178.9,8.0,869.1,690.2,28,46.23,690.2,31.4
312.7,144.7,0.0,127.3,8.0,999.7,822.2,28,44.52,822.2,31.27
145.7,172.6,0.0,181.9,,985.8,816.8,28,23.74,816.8,14.569999999999999
143.8,136.3,106.2,178.1,7.5,941.5,774.3,28,26.15,774.3,14.38
148.1,0.0,182.1,181.4,15.0,838.9,884.3,28,15.53,884.3,14.809999999999999
277.0,116.8,91.0,190.6,7.0,946.5,665.6,28,43.58,665.6,27.7
298.1,0.0,107.5,163.6,12.8,953.2,784.0,28,35.87,784.0,29.810000000000002
313.3,145.0,0.0,178.5,8.0,1001.9,688.7,28,41.05,688.7,31.330000000000002
155.2,183.9,143.2,193.8,9.2,879.6,698.5,28,28.99,698.5,15.52
289.0,133.7,0.0,194.9,5.5,924.1,760.1,28,46.25,760.1,28.9
147.8,175.1,0.0,171.2,2.2,1000.0,828.5,28,26.92,828.5,14.780000000000001
145.4,0.0,178.9,201.7,7.8,824.0,868.7,28,10.54,868.7,14.540000000000001
312.7,0.0,0.0,178.1,8.0,999.7,822.2,28,25.1,822.2,31.27
136.4,161.6,125.8,171.6,10.4,922.6,764.4,28,29.07,764.4,13.64
154.8,0.0,142.8,193.3,9.1,877.2,867.7,28,9.74,867.7,15.48
255.3,98.8,77.0,188.6,6.5,919.0,749.3,28,33.8,749.3,25.53
272.8,105.1,81.8,209.7,9.0,904.0,679.7,28,37.17,679.7,27.28
162.0,190.1,148.1,178.8,18.8,838.1,741.4,-1,33.76,741.4,16.2
153.6,144.2,112.3,220.1,10.1,923.2,657.9,28,16.5,657.9,15.36
146.5,114.6,89.3,201.9,8.8,860.0,829.5,28,19.99,829.5,14.65
151.8,178.1,138.7,167.5,18.3,944.0,694.6,28,36.35,694.6,15.180000000000001
309.9,142.8,111.2,167.8,22.1,913.9,651.2,28,38.22,651.2,30.99
143.6,0.0,174.9,158.4,17.9,942.7,844.5,28,15.42,844.5,14.36
303.6,139.9,0.0,213.5,,895.5,722.5,28,33.42,722.5,30.360000000000003
374.3,0.0,0.0,190.2,6.7,1013.2,730.4,28,39.06,730.4,37.43
158.6,148.9,116.0,175.1,15.0,953.3,719.7,-1,27.68,719.7,15.86
152.6,238.7,0.0,200.0,6.3,1001.8,683.9,28,26.86,683.9,15.26
310.0,142.8,0.0,167.9,10.0,914.3,804.0,28,45.3,804.0,31.0
304.8,0.0,99.6,,9.8,959.4,705.2,28,30.12,705.2,30.48
150.9,0.0,183.9,166.6,11.6,991.2,772.2,28,15.57,772.2,15.09
141.9,166.6,129.7,173.5,10.9,882.6,785.3,28,44.61,785.3,14.190000000000001
297.8,137.2,106.9,201.3,6.0,878.4,655.3,28,53.52,655.3,29.78
321.3,164.2,0.0,190.5,4.6,870.0,774.0,28,57.22,774.0,32.13
366.0,187.0,0.0,191.3,6.6,824.3,756.9,28,65.91,756.9,36.6
279.8,128.9,100.4,172.4,9.5,825.1,804.9,28,52.83,804.9,27.98
252.1,97.1,75.6,193.8,8.3,835.5,821.4,28,33.4,821.4,25.21
164.6,0.0,150.4,181.6,11.7,1023.3,728.9,28,18.03,728.9,16.46
155.6,243.5,0.0,180.3,10.7,1022.0,697.7,28,37.36,697.7,15.559999999999999
160.2,188.0,146.4,203.2,11.3,828.7,709.7,28,35.31,709.7,16.02
298.1,0.0,107.0,186.4,6.1,879.0,815.2,28,42.64,815.2,29.810000000000002
317.9,0.0,126.5,209.7,5.7,860.5,736.6,28,40.06,736.6,31.79
287.3,120.5,93.9,187.6,9.2,904.4,695.9,28,43.8,695.9,28.73
325.6,166.4,0.0,174.0,8.9,881.6,790.0,28,61.24,790.0,32.56
355.9,0.0,141.6,193.3,11.0,801.4,778.4,-1,40.87,778.4,35.589999999999996
132.0,206.5,160.9,178.9,5.5,866.9,735.6,28,33.31,735.6,13.2
322.5,148.6,0.0,185.8,8.5,951.0,709.5,28,52.43,709.5,32.25
164.2,0.0,200.1,181.2,12.6,849.3,846.0,28,15.09,846.0,16.419999999999998
313.8,0.0,112.6,169.9,10.1,925.3,782.9,28,38.46,782.9,31.380000000000003
321.4,0.0,127.9,182.5,11.5,870.1,779.7,28,37.27,779.7,32.14
139.7,163.9,127.7,236.7,5.8,868.6,655.6,28,35.23,655.6,13.969999999999999
288.4,121.0,0.0,177.4,7.0,907.9,829.5,28,42.14,829.5,28.839999999999996
298.2,0.0,107.0,209.7,11.1,879.6,744.2,28,31.88,744.2,29.82
264.5,111.0,86.5,195.5,5.9,832.6,790.4,28,41.54,790.4,26.45
159.8,250.0,0.0,168.4,12.2,1049.3,688.2,28,39.46,688.2,15.98
166.0,259.7,0.0,183.2,12.7,858.8,826.8,28,37.92,826.8,16.6
276.4,116.0,90.3,179.6,8.9,870.1,768.3,28,44.28,768.3,27.639999999999997
322.2,0.0,115.6,196.0,10.4,817.9,813.4,28,,813.4,32.22
148.5,139.4,108.6,192.7,6.1,892.4,780.0,28,23.7,780.0,14.85
159.1,186.7,0.0,175.6,,989.6,788.9,28,32.77,788.9,15.91
260.9,100.5,78.3,200.6,8.6,864.5,761.5,28,32.4,761.5,26.089999999999996
